"frame","x [nm]","y [nm]","intensity [photons]","loglikelihood" 
1004,21908,9496.4,1976,-148.23
1009,22804,11691,1138.1,-172.06
1012,23792,11390,1667.5,-197.22
1018,24216,10634,1008.5,-224.86
1019,24199,10642,1002.3,-182.9
1021,24198,10662,1315.4,-213.34
1030,23795,11390,1161.6,-209.66
1047,18563,12393,1169.9,-172.15
1048,18610,12452,1934.2,-201.84
1050,23453,8658.3,1214.2,-181.51
1051,23458,8638.7,1398.1,-169.43
1052,23437,8668.1,1415.8,-175.76
1052,23816,11378,1090.3,-207.48
1070,23429,8619.5,3303.5,-287.63
1071,23427,8627.2,3218.7,-268.34
1072,23456,8635.8,3098.9,-227.75
1073,23452,8642.8,2092.2,-209.13
1074,18581,12478,1118.5,-197.66
1074,23464,8632.3,1260.3,-204.57
1075,18556,12471,1333,-213.51
1076,22288,9068.3,10527,-219.17
1077,22324,9054.6,8532,-214.52
1077,23423,8636.3,1269.7,-278.66
1078,18599,12483,1216.2,-202.45
1078,22284,9087.9,3970.2,-211.15
1079,18571,12446,1925.2,-205.81
1079,23451,8648.3,1819.7,-159.1
1083,23437,8631.2,1520.2,-174.27
1084,23447,8640.2,1299.4,-187.5
1093,18601,12464,1812,-208.08
1097,23815,11416,1459,-182.02
1103,23464,8632.1,1848.9,-198.24
1104,23418,8621.1,1472.2,-189.15
1105,23471,8628.8,1180,-207.94
1106,23465,8619.5,1474.2,-208.37
1107,23439,8604.1,1746.3,-178.56
1108,23435,8649.4,1230.5,-173.14
1110,23441,8676.2,1309.2,-161.13
1112,23792,11427,1390,-189.42
1113,23812,11412,2156.2,-197.08
1114,23477,8632.3,1826,-189.27
1114,23812,11402,1952.5,-198.41
1115,23467,8679.2,1762.9,-193.05
1115,23826,11428,2386.2,-182.02
1116,23415,8627.2,1650.7,-191.79
1117,23457,8622.2,1557,-156.79
1118,23426,8619,1961.9,-190.02
1119,23420,8618.9,2687.4,-183.23
1120,23415,8618.1,2923.2,-227.45
1121,23411,8603.1,2179.9,-176.53
1122,23427,8613,1408.2,-175.78
1123,23443,8626.3,1901.2,-166.05
1124,23440,8609.5,1580.3,-193.35
1125,23405,8660.1,1580.5,-191.63
1126,23493,8679.4,1728.6,-167.37
1127,23421,8642.3,1140,-184.33
1127,23815,11502,1402.3,-176.4
1128,23466,8635,1606.3,-197.14
1128,23810,11449,1549.1,-163.29
1129,23799,11436,2114.3,-204.73
1130,23451,8630,2064.5,-189.31
1130,23798,11449,1599.1,-172.77
1131,18563,12457,1557.1,-182.84
1131,23451,8657.2,1300,-170.45
1132,23476,8652.7,1305.8,-163.14
1134,23416,8563.1,3307.2,-222.62
1135,23432,8629.5,2612.2,-202.3
1138,23382,8520.3,4438.4,-216.4
1138,23821,11439,1046.8,-164.36
1139,23385,8518.3,4535.7,-243.68
1139,23817,11428,1947.4,-192.43
1140,23456,8625.3,1260.1,-151.57
1140,23809,11414,1896.1,-203.65
1141,23392,8531.8,2156.3,-182.86
1141,23803,11428,2468.2,-232
1142,23374,8522.8,3877.8,-247.83
1142,23809,11420,1513.6,-167.65
1143,23381,8521.7,3858.9,-229.01
1143,23808,11416,1776.8,-204.15
1144,23331,8488.4,1436.9,-180.21
1144,23799,11407,1832.9,-169.83
1145,18577,12454,1559.3,-214.88
1145,23819,11415,2021.1,-188.23
1149,23805,11420,2164.3,-161.81
1150,23816,11427,1758.1,-189.62
1151,23800,11417,2310.9,-204.17
1160,23821,11406,1384.5,-202.57
1166,20631,14965,2773,-219.64
1167,20617,14940,1800.3,-192.21
1168,20618,14917,2396.5,-215.44
1169,20634,14915,2425.4,-250.79
1170,20614,14935,2946.1,-226.5
1174,20611,14922,2883.5,-199.79
1176,20611,14925,2387.9,-193.34
1177,20617,14945,2197.7,-195.06
1178,20628,14944,2178.2,-195.58
1179,20619,14938,2101.7,-240.31
1181,23417,8618.4,2742,-195.93
1182,23437,8622.2,4389.6,-228.99
1183,23441,8624.9,4174.7,-234.84
1184,23424,8612.1,5094.9,-303.67
1185,23514,8634.8,1437.8,-156.4
1186,23491,8574.4,1546.7,-190.7
1190,23387,8508.1,1490.9,-187.76
1191,23404,8590.2,3579.3,-214.8
1193,23386,8568.4,3884.9,-219.84
1194,23401,8583.3,2164.6,-193.69
1202,23433,8548,1833.3,-220.38
1203,23386,8555.3,2906.5,-177.84
1214,18612,12523,1194.7,-204.87
1248,18611,12471,1414.2,-217.91
1264,18608,12527,1307.3,-175.31
1277,18608,12486,1311.3,-192.68
1301,18584,12429,2290.7,-239.59
1302,18583,12434,1588.9,-192.47
1303,18594,12489,1753.8,-238.29
1310,19447,10705,1162.2,-175.37
1314,18601,12452,1279.7,-189.04
1318,18597,12425,1621.9,-207.5
1319,18556,12449,1638.4,-163.3
1320,18595,12425,2037.9,-193.25
1337,24292,12349,2199.7,-208.42
1338,24275,12355,4120.8,-225.97
1339,18534,12473,1338.1,-193.32
1339,24300,12354,3087.9,-190.89
1340,24296,12365,4276,-220.2
1341,24288,12363,3965.4,-243.33
1342,24302,12353,2026.2,-161.51
1343,24313,12357,1454,-181.89
1345,24282,12360,2320.1,-182.09
1346,24304,12357,3252.3,-219.95
1347,24280,12362,4087.5,-258.41
1348,24290,12374,3461.8,-212.94
1378,19443,10716,1356.4,-162.77
1385,22867,12307,1733.8,-187.52
1386,22868,12310,3888,-207.78
1387,22869,12302,2813.3,-184.38
1388,22863,12319,3066.1,-194.88
1389,22880,12305,1233.2,-206.18
1390,22876,12311,4138.4,-214.57
1397,18542,9264.8,6444,-240.83
1399,20612,9319.5,1242.8,-190.73
1400,18529,9239.9,4646.5,-210.54
1401,18543,9198,3733.9,-245.48
1401,18564,9207.9,4091.2,-256.8
1403,18558,9284.2,4041.2,-210.6
1405,18520,9247.3,4269.5,-196.43
1406,18498,9266.3,4659.5,-203.2
1412,18485,9232.5,4487.9,-185.75
1413,18499,9285.2,5989.3,-230.61
1413,18504,9277.1,5492.7,-232.01
1413,18504,9265.4,5663.2,-220.25
1442,21085,9159.9,2390.2,-184.52
1445,21191,9202.9,4343,-221.9
1527,24528,14084,4429,-187.05
1528,24598,14052,8230.8,-190.21
1528,24565,14054,6734.3,-209.16
1529,24554,14081,5272.7,-191.95
1530,24547,14075,9964.6,-210.84
1594,18197,9846.6,3915.1,-205.33
1595,18202,9847.8,5554,-236.26
1596,18203,9858,4329.4,-196.11
1597,18196,9844.8,3284.4,-197.15
1612,24423,8762.7,2064.1,-188.78
1650,24242,12706,1736.9,-158.71
1760,21565,9649.2,3820.6,-188.08
1763,23866,10507,1080.3,-185.03
1770,21564,9644.7,2853.8,-184.83
1771,21559,9649.2,4202.7,-206.75
1772,21563,9638.9,3455.8,-220.55
1774,21555,9642.4,4061.3,-219.73
1775,21553,9649.9,3319,-201.5
1776,21567,9634.5,1279.4,-194.11
1777,21557,9653.2,3034.3,-192
1778,21564,9648.1,2351.9,-181.99
1779,21562,9649.1,3051.4,-188.09
1780,21562,9653.1,4375.4,-240.11
1781,21561,9648.2,3755.8,-213.73
1782,21558,9654.6,3246.4,-205.38
1786,21569,9645,1379.2,-175.17
1787,21567,9643.5,3754.1,-203.99
1788,21568,9641,4069.6,-208.91
1789,19996,9086.7,3376.8,-203.19
1790,20001,9075.2,3506.6,-227.55
1791,19997,9080.8,3244.7,-187.57
1791,21560,9644.6,4330.7,-203.92
1792,19993,9073.8,2054.1,-200.44
1793,19988,9074.4,2842.4,-207.35
1794,19992,9065.7,3092.2,-196.13
1795,19999,9069.6,2205.4,-207.66
1991,24548,11309,4679.4,-182.96
1992,24533,11299,1939.2,-168.92
1993,24550,11295,1161.4,-167.94
1994,24528,11304,1291.5,-187.65
1995,24535,11306,3700,-177.1
1996,24533,11305,4378.9,-209.91
1997,24539,11301,2045.4,-200.97
1999,24548,11309,2421.5,-204.82
2000,24526,11303,2577.7,-202.91
2001,24540,11307,1276.5,-181.52
2073,20557,14894,1217.3,-204.89
2074,20559,14906,1984.2,-200.98
2077,20551,14898,1081.1,-202.44
2102,20950,9619.1,5749.1,-220.98
2107,19289,14019,3538.3,-190.64
2107,19283,14003,3651,-218.26
2108,19367,14009,3211.5,-194.78
2109,19297,14034,2333.8,-209.69
2110,19286,14010,2962,-191.33
2112,19314,13982,4039.4,-187.04
2113,19298,13973,2948.2,-189.12
2114,19286,13990,2246.1,-208.41
2115,19283,13989,3156.2,-180.06
2117,19276,14000,3067,-181.39
2118,19246,13977,3546,-184.95
2119,19281,13994,3840.8,-190.06
2120,19280,14026,3407.3,-197.78
2121,19264,13989,3919.7,-190.4
2122,19267,13998,2799.7,-200.49
2123,19283,14007,3184.8,-201.47
2124,23908,11530,3119.7,-183.89
2125,23914,11526,2751,-205.46
2126,19242,13996,3455.9,-191.34
2126,23908,11519,2808.1,-196.23
2127,19303,13974,1488.8,-191.36
2127,23910,11536,1798.3,-187.43
2128,19239,14009,2591.5,-181.13
2128,23900,11537,3378.9,-194.47
2129,19250,14009,2934.9,-218.28
2129,23910,11535,3452.7,-185.99
2130,23912,11528,2519.4,-168.17
2131,19275,13976,2718.9,-205.43
2131,23907,11542,3681.9,-195.18
2132,19277,14050,2820.5,-185.41
2132,23903,11538,3563.4,-207.41
2133,19305,13965,3211.9,-222.38
2133,23907,11530,3182.3,-209.06
2134,19289,13966,2497.5,-235.01
2135,23914,11535,3001.3,-154.99
2265,22926,8402.8,2514,-221.16
2266,22933,8430.2,4428.3,-233.39
2268,22925,8426,4593.7,-230.97
2269,22926,8419.6,4284.4,-214.92
2270,22940,8422.9,4815.3,-248.79
2271,22936,8434.7,2423.7,-201.68
2272,22937,8411.8,3683,-213.09
2273,22937,8416.7,3981.4,-234.88
2274,22942,8422.3,4382,-231.17
2275,22947,8440.9,1385.2,-214.74
2276,22946,8418.5,4033,-243.26
2278,22940,8442.9,2979.5,-213.03
2368,18530,10944,1339.2,-174.51
2540,21233,9995.6,1624.8,-196.43
2542,21050,9400.5,2122,-202.99
2543,21259,9348.8,1855.8,-190.9
2552,21261,9306.8,2401.5,-242.54
2607,21223,9648.9,1637.4,-205.5
2608,21308,10447,2201.8,-216.5
2609,21708,10680,1513,-168.29
2610,21721,10109,1750.6,-183.03
2611,21382,10128,2214.9,-195.08
2611,21541,10727,1374.1,-186.93
2614,22186,10030,3833,-214.24
2696,21532,13199,3003.6,-160.74
2697,21525,13193,4157.1,-203.75
2698,21521,13199,2952,-204.86
2704,21535,13213,1699.4,-170.38
2705,21522,13207,1189.5,-187.8
2711,21528,13211,3129.3,-216.2
2712,21536,13198,3224.4,-160.79
2716,20335,14584,6005.1,-225.65
2716,21530,13205,1597,-161.32
2718,21531,13213,3714.4,-218.29
2719,21535,13206,1847.7,-195.89
2740,19602,10562,1989.8,-213.68
2741,19614,10600,1559.6,-187.59
2763,23580,9658.9,1207,-177.99
2800,18919,12684,2731.9,-217.54
2801,18930,12688,3389.3,-193.91
2801,18935,12687,3591.1,-197.84
2802,18862,12721,1576.9,-177.07
2818,19752,9732.8,1259.3,-171.07
2819,19757,9745.9,2596.5,-170.71
2820,19752,9753.1,3369.1,-175.65
2821,19751,9748.6,3131.4,-185.57
2822,19741,9744.2,3536,-191.76
2823,19741,9741.5,1654.7,-180.77
2824,19749,9738.2,2634.4,-175.01
2825,19751,9750.1,2283.6,-167.84
2826,19749,9755.5,2275,-184.52
2996,22917,8394.8,4731.9,-252.41
2997,22924,8393.7,6861.2,-310.99
2998,22921,8423.8,2368,-175.83
3061,20923,12830,2654.4,-203.52
3062,20936,12821,1816.2,-181.88
3063,20953,12825,1783.5,-173.91
3064,20934,12803,2320.3,-187.75
3129,22579,9944.8,1306.2,-172.23
3168,23009,10705,1930.4,-199.81
3170,23018,10714,1758.5,-172.06
3171,23000,10706,3137.6,-183.46
3172,23017,10704,3048,-189.79
3173,23006,10705,2303.1,-229.1
3174,23005,10704,3295.9,-188.71
3175,23001,10698,2214.3,-198.85
3176,23009,10708,2520.5,-197.99
3177,23006,10705,3195.1,-196.63
3178,22997,10709,2527.4,-195.03
3212,18703,15097,2650.2,-202.79
3228,20637,11573,1532,-187.99
3229,20634,11563,2640,-173.35
3230,20629,11558,2861,-161.14
3231,20640,11571,2729,-204.45
3232,20639,11561,2515.2,-160.69
3232,22153,14346,4092.4,-222.27
3233,20647,11556,2737.2,-180.23
3233,22152,14354,1980.4,-190.17
3234,20646,11556,1729.4,-174.64
3234,22146,14349,3335,-243.33
3235,20645,11576,2655.7,-198.42
3235,22149,14349,4168.7,-223.89
3236,20652,11565,3158.6,-153.39
3236,22148,14345,4121.3,-240.94
3311,19266,12342,6495.4,-193.2
3323,18156,8899.2,3277.2,-235.38
3324,18164,8922.5,2796.9,-229.64
3479,21866,12411,1788.4,-208.82
3481,21849,12441,1153.8,-192.64
3521,22927,13515,8254.6,-233.82
3522,22935,13529,6729.9,-231.22
3522,22888,13489,6596.4,-228.18
3523,22970,13539,5211.1,-242.64
3525,22930,13541,4067.6,-183.55
3527,22984,13603,5265.9,-191.23
3529,22263,10071,1650.3,-180.17
3533,22254,10085,4293.9,-182.93
3534,22258,10087,2913.4,-188.3
3545,19521,12222,1183.4,-178.01
3564,20386,15015,1064,-202.9
3565,20361,15004,1651.1,-179.83
3567,20361,14998,3812.1,-260.12
3568,20379,15012,6176.7,-378.16
3614,19691,8425.3,3080.1,-263.84
3616,19669,8410.2,2554.2,-233.59
3618,19677,8419.4,3055.3,-261.68
3619,19686,8415.5,4507.5,-305.28
3620,19664,8409.7,3434.9,-237.8
3621,19671,8412.5,2407.4,-214.75
3622,19663,8422.1,4213.9,-294.96
3623,19682,8413.1,3482.1,-265.64
3669,19934,14194,1135.7,-176.4
3670,19926,14175,3039.4,-234.57
3705,21275,13256,1452.4,-176.83
3706,21285,13274,1975.4,-195.84
3731,21259,13273,1675.2,-215.38
3732,21268,13263,2490.5,-179.91
3735,21285,13262,1477.8,-180.7
3836,22437,12636,1463.1,-168.14
3837,22446,12640,4155.8,-183.64
3838,22435,12650,3883.3,-189.48
3839,22447,12650,3606.6,-248.27
3840,22436,12650,4274.6,-171.5
3841,22448,12643,3958.6,-182.42
3842,22442,12655,4179.5,-211.99
3843,22441,12653,4070.8,-206.33
3844,22449,12648,1809.2,-219.35
3846,22448,12652,4050.3,-225.26
3847,22438,12649,3308.3,-185.37
3848,22447,12646,3236.6,-201.64
3849,22434,12650,2853,-193.02
3850,22449,12651,3487,-199.55
3851,22451,12643,3647.5,-188.98
3852,22440,12651,3138.4,-205.94
3853,22441,12642,1721.8,-163.46
3869,21984,9984,2033.6,-172.54
3873,22079,9972.3,2901.7,-184.77
3876,22054,9984,3228.5,-180.45
3877,21974,9994.4,1619.7,-186.88
3878,21921,9976.1,1631.6,-146.24
3880,22061,9976.5,4039,-218.25
3881,22107,10033,1494.6,-192
4092,19624,11368,2608.1,-201.34
4093,19623,11359,3279.4,-184.92
4094,24557,10296,1095.6,-176.69
4095,19631,11365,2246.5,-187.81
4096,19625,11366,3243.5,-226.05
4097,19627,11368,3579.5,-206.75
4098,19628,11363,1988.4,-204.02
4099,24563,10293,1047.7,-189.97
4100,19623,11365,1689.7,-169.48
4101,19625,11375,3119.9,-200.42
4107,20982,9521.2,1331.6,-145.19
4129,23818,9856.2,1015.5,-185.52
4167,21627,14229,1001.9,-191.19
4168,21599,14232,1033.2,-194.73
4169,21624,14237,1751.3,-165.7
4170,21632,14238,2124.8,-207.06
4171,21623,14235,1117,-213.5
4179,21208,14300,1346.9,-221.53
4180,21182,14301,1247.1,-182.93
4255,22802,13590,2548,-196.89
4256,22793,13593,1074.7,-191.52
4328,23137,9349.4,1512.4,-180.18
4421,21705,9874.3,1096.4,-172
4422,21709,9895.7,1296.8,-173.95
4423,21721,9886.8,2218.1,-186.99
4425,21699,9865.6,1457.7,-147.61
4494,18726,13274,2181.1,-224.58
4512,20050,8461.5,1480.4,-202.66
4513,20052,8439.9,3653,-278.16
4514,20046,8448.5,3005.5,-167.36
4516,20058,8446.8,2397.5,-242.01
4517,20032,8462.2,1501.5,-198.91
4562,19888,14162,4244.8,-238.07
4563,19926,14130,5772.2,-240.74
4563,19899,14145,4538.7,-246.42
4564,19931,14162,5815.7,-155.73
4564,19926,14177,5110.4,-178.57
4565,19978,14219,4139.2,-171.58
4565,19973,14216,4219.7,-178.25
4572,23083,9340.2,1861.2,-196.3
4573,23123,9360,2215.6,-221.94
4574,23045,9322.2,2071.7,-197.22
4607,21865,10301,2002.2,-180.72
4608,21877,10308,2000.6,-174.33
4609,21866,10320,1118.2,-189.18
4658,22705,9271.8,3482.7,-185.33
4659,22706,9263.1,3190.2,-186.04
4660,22688,9273.5,1968.1,-164.36
4661,22715,9263.5,1034.9,-173.23
4663,22707,9271.4,2716.5,-181.7
4664,22710,9258.9,1936.8,-161.29
4665,22699,9254,1772.4,-171.85
4666,22688,9237.9,1021.1,-191.08
4709,22265,12674,1890.9,-193.4
4710,22247,12671,3631.4,-220.9
4711,22245,12667,4289.5,-217.28
4712,22245,12671,3982.3,-207.54
4713,22242,12671,4202.1,-255.81
4714,22248,12679,3176.8,-183.33
4715,22246,12674,2657.4,-189.4
4716,22245,12672,3445.3,-228.18
4717,22238,12663,3569.7,-185.65
4885,22622,11963,4329.7,-187.36
4908,22615,11961,2738.2,-195.73
4911,22610,11967,2338.4,-206.58
4914,22623,11955,1011.8,-175.46
4936,22610,11962,3109.1,-213.79
4939,21776,12570,3455,-248.61
4940,21777,12553,3347.2,-206.29
4941,21783,12557,3482.8,-202.15
4950,22607,11964,1082.6,-216.75
4951,22610,11964,2400.4,-192.5
4954,22623,11948,1768.2,-205.92
4961,22611,11955,2815.3,-174.22
4962,22626,11957,1533.8,-209.59
4975,22613,11964,1463,-191.71
4984,19949,14137,3904.3,-219.96
4985,19957,14132,3499.9,-207.13
4986,19959,14138,3387,-253.02
4995,22628,11984,1120.1,-179.07
4996,22618,11964,3192.5,-189.65
5011,20986,11948,2798.6,-169.5
5012,20976,11953,2544.8,-195.11
5013,20997,11939,2213.1,-196.04
5014,20980,11942,2013.6,-187
5019,22619,11958,1035.5,-160.67
5043,19599,11621,1753.4,-204.45
5044,19619,11633,3363.9,-221.61
5046,19632,11616,4022.9,-221.5
5046,22605,11971,1566.3,-197.87
5047,19612,11612,3775.7,-213.59
5048,19612,11644,1565.8,-181.94
5049,19628,11630,3412.6,-207.04
5050,19636,11635,3754.9,-245.53
5051,19627,11602,4042.9,-185.22
5052,19613,11623,3535.7,-227.07
5053,19621,11624,3572.1,-207.51
5054,19631,11627,3589.6,-201.91
5055,19605,11634,3410.3,-238.14
5056,19624,11632,3992.8,-210.75
5057,19611,11598,3068.4,-221.4
5072,22614,11968,1455.6,-182.53
5079,22617,11966,1627.6,-174.07
5144,22622,11965,1448.8,-169.04
5159,22601,11970,2755.9,-216.76
5160,22617,11957,2254.3,-189.69
5188,22606,11975,1266.7,-201.35
5189,22618,11961,2445.3,-205.14
5190,22610,11965,3283.2,-188.54
5193,22375,10787,1944.7,-181.44
5194,22366,10794,3235.9,-181.2
5195,22368,10790,2693.6,-169.53
5196,22387,10788,1790.4,-157.26
5198,22362,10795,1616.4,-187.51
5202,20108,12913,1051.9,-169.21
5213,22594,11977,1178.7,-165.51
5216,22604,11976,1516,-170.54
5220,22624,11980,1435.1,-182.79
5222,22845,12463,1631.6,-180.64
5224,22842,12470,2422.2,-206.15
5225,22626,11968,1973.5,-207.3
5234,20195,10116,3602.4,-237.99
5235,20187,10112,3232.1,-182.81
5258,22602,11989,1947.9,-196.29
5277,22622,11975,3155.9,-232.63
5278,22605,11986,1751.2,-193.36
5283,22604,11997,2050.7,-179.71
5309,22609,11995,1399.4,-191.74
5322,22598,11989,2950.7,-199.65
5337,22600,11989,1486.1,-167.03
5344,22597,11987,1421.5,-207.82
5353,22605,12002,1728.1,-200.65
5369,22587,12000,1148.2,-174.92
5428,22613,11969,1766.8,-176.98
5452,21382,9698.2,3779.6,-185.62
5453,21348,9699,3154.6,-175.27
5454,21402,9728.9,1743.5,-179.15
5455,21383,9719,2661.2,-201.6
5457,21397,9680,2241.3,-221.36
5458,21417,9715.8,2256.1,-187.43
5459,21370,9688.6,3881.8,-230.44
5463,21386,9715.2,2989.8,-199.31
5464,21373,9659.7,2585.3,-199.78
5513,22807,9617.2,3082.5,-198.94
5514,22807,9615.3,1276.4,-181.41
5515,22828,9620.7,1230.8,-179.63
5516,22820,9614.7,2770.2,-168.21
5517,22808,9609.9,3763,-178.96
5518,22804,9618.8,3356.6,-220.91
5519,22798,9609,3387.8,-206.24
5520,22826,9612.8,1082.4,-216.35
5543,18934,12618,1526.7,-180.17
5544,18933,12622,2989.6,-199.65
5545,18938,12625,3002.7,-195.54
5546,18936,12634,3254.1,-177.25
5547,18951,12629,1088.3,-192.74
5593,19445,9526.6,1479.5,-174.41
5594,19457,9528.5,1388.6,-165.59
5619,17935,8720.1,1761.4,-179.09
5673,21580,8931.7,2700.6,-186.07
5674,21577,8933.5,2955.6,-172.39
5675,20031,10410,2377.9,-190.5
5675,21578,8926.1,1899.9,-185.61
5676,20107,10454,3804,-189.82
5676,21594,8932.3,1520.6,-172.86
5677,21567,8935.1,3480.4,-184.21
5678,21583,8947.9,1962.9,-175.06
5679,21587,8941.2,2327.9,-218.05
5680,21579,8928.6,1433.1,-166.98
5681,21579,8933.1,2666.2,-195.53
5682,21582,8940,2905.8,-204.23
5683,21578,8932.2,3476.6,-207.53
5684,21587,8937.1,3228.9,-191.91
5685,21590,8935.6,3408.8,-199.93
5686,21575,8945,3406.8,-223.88
5687,21575,8932.9,3708,-177.44
5688,21586,8935.3,3697.2,-193.34
5689,21586,8941.5,3615.5,-178.67
5690,21578,8941.5,2461.4,-252.01
5691,21577,8937.6,3728.8,-195.41
5692,21577,8930.6,3077.3,-206.74
5693,21577,8940.7,4093.4,-182.7
5694,21578,8940.3,4243.1,-197.07
5695,21578,8933.9,4017,-192.87
5696,21580,8931.1,3918.2,-183.84
5697,21580,8935,2558.5,-196.89
5821,21323,15389,2787.8,-200.52
5857,24171,11991,2744,-233.5
5858,24174,12006,1711.4,-191.33
5859,24174,12007,2595.3,-238.52
5860,24160,12002,1231.7,-207.32
6217,18014,12041,1099,-213.14
6218,18292,12118,2011.5,-183.53
6219,18303,12101,4277.7,-210.63
6220,18291,12116,3817.8,-196.87
6221,18166,11969,1304.9,-193.88
6445,23671,10326,1437.4,-185.91
6575,23444,10724,3552.3,-181.4
6576,23447,10709,3919.1,-180.51
6577,23448,10712,2720.4,-214.35
6595,22895,10835,3261.4,-185.66
6596,22899,10838,3055.6,-183.87
6602,22895,10814,1756.7,-173.61
6604,19634,12021,1185.8,-194.87
6605,23433,10906,2066.9,-174.47
6606,23421,10902,1796.7,-166.56
6607,19639,12014,1573.1,-158.71
6607,23436,10901,1475.3,-171.65
6609,19648,11994,1179.5,-157.02
6609,22018,10823,9918.8,-248.09
6610,21950,10879,6504.8,-218.41
6621,19925,9244.6,2972.4,-222.32
6622,19919,9246.7,3443,-195.6
6623,19925,9246,3858.3,-193
6624,19555,14201,1152.9,-187.52
6625,19921,9236.8,1431.9,-188.57
6627,19929,9234.7,2391.6,-220.02
6628,19914,9256.7,2458.9,-192.67
6629,19925,9246.4,3143,-187.39
6630,19939,9248.3,3845.7,-188.46
6630,22327,9493.9,1481.7,-222.72
6631,19913,9225.9,1640.9,-178.95
6631,22326,9492,1392.2,-192.43
6635,19931,9257,1957.4,-178.14
6635,22337,9483.3,3104.9,-217.06
6636,19918,9230.5,1103.6,-198.79
6636,22344,9489.2,3592.1,-211.1
6637,19944,9242.7,1180.7,-161.13
6637,22317,9492.5,1321.4,-218.38
6638,22331,9470.6,2486.3,-165.76
6639,22324,9488.2,1227.3,-209.65
6640,22320,9471.7,2832.8,-204.97
6641,21831,10814,8337.7,-182.76
6641,22311,9477,1161.3,-223.66
6642,21947,10847,5572.8,-206.93
6646,19592,14089,1007.3,-194.5
6647,22829,12917,1173.5,-192.3
6648,19606,14160,3160.2,-237.75
6649,19593,14142,2462.5,-221.25
6650,19605,14139,1452.4,-181.72
6651,19595,14148,1308.4,-188.67
6652,19611,14172,2812.7,-250.9
6654,19555,14161,1039.9,-167.59
6655,19581,14130,1831,-175.83
6656,19594,14152,1719.2,-219.62
6657,19624,14097,1053.7,-172.27
6658,19599,14159,2602.3,-202.54
6660,19425,14154,4094.6,-417.93
6660,19593,14182,2328.2,-291.19
6674,20524,14640,1611,-190.52
6675,20020,10235,2895.7,-190.75
6675,20439,14628,5421.8,-260.5
6676,20020,10244,1455.6,-177.61
6678,20522,14650,2273.8,-218.71
6679,20541,14649,2439.2,-199.56
6680,20536,14643,2414.6,-206.62
6681,19617,14178,1077.3,-288.42
6681,20540,14632,1180.3,-246.54
6682,19605,14178,1308.4,-204.41
6685,18505,11530,3294,-225.67
6685,19585,14100,1249.7,-173.44
6687,24245,13053,1329.5,-174.07
6688,24247,13038,2377.6,-192.34
6689,24251,13028,1679.9,-179.17
6690,19596,14082,1290,-184
6690,24237,13045,3057.2,-232.84
6694,19613,14167,2045.4,-244.27
6695,19608,14057,1016.2,-165.18
6698,19613,14159,2779.1,-247.37
6700,19604,14186,1883,-179.1
6701,19636,14182,1321.6,-193.24
6702,19564,14209,1021.5,-178.82
6703,22498,8461.7,1554.4,-180.14
6704,22516,8458.3,2199.2,-199.85
6705,19603,14183,2670.1,-218.85
6710,20349,9686.4,2566.4,-200.59
6711,19589,14181,1442.5,-204.52
6711,20343,9717.7,2052,-196.22
6712,19599,14191,1377.6,-204.5
6716,22728,13411,2716.2,-194.84
6717,22736,13382,3035.3,-218.33
6718,22761,13403,2958.4,-276.64
6719,20493,9746.3,1667.5,-227.52
6731,17744,9974.7,2345.4,-216.65
6735,22719,13397,2469.4,-196.86
6736,22697,13422,2806,-201.03
6737,22702,13395,3335.6,-218.51
6738,22711,13400,3092.8,-261.85
6739,22728,13402,3799,-239.35
6740,22699,13380,1103.6,-211.06
6741,24639,10727,1414.8,-187.57
6744,20513,12507,2013.1,-192.63
6747,17984,11614,7134.7,-235.33
6748,22718,13409,1814.1,-202.79
6749,22722,13401,2728.8,-190.37
6756,24554,10698,1090.8,-177.89
6758,21881,13179,1602.1,-182.72
6758,23242,9094.3,2022.6,-198.07
6758,24668,10690,1805.5,-196.25
6759,21886,13183,1881.3,-178.53
6759,23241,9085,3685.7,-217.03
6759,24665,10694,2036.5,-197.06
6760,23231,9085.3,3117.7,-164.41
6760,24682,10706,1497.2,-189.03
6761,21888,13166,1447.4,-185.1
6761,23231,9086.7,2257.9,-213.14
6762,21888,13173,2758.8,-194.41
6763,21886,13182,1127,-207.58
6763,24630,10732,3925,-215.54
6765,23250,9093.3,2133.3,-191.42
6766,21896,13166,1164.1,-170.42
6766,23245,9099.5,1864.3,-195.57
6768,23239,9092.4,4747.4,-210.38
6769,23235,9091.1,1393.2,-177.16
6771,21892,13188,1944.6,-177.66
6771,23235,9097.1,3284.1,-164.28
6772,23238,9094.4,1630.4,-160.47
6773,21880,13183,1848.8,-209.44
6773,23242,9089.9,2024.5,-200.44
6774,23237,9092.7,1035.3,-179.32
6775,23241,9092.5,4341.2,-188.15
6776,22922,13595,4499.5,-202.01
6776,23238,9087.1,3665.2,-174.51
6778,22981,13554,5381.9,-202.99
6779,23240,9094.3,1632.5,-189.29
6780,23239,9084.2,2725.4,-214.35
6781,23216,9094.8,1824.8,-191.56
6783,23234,9088.6,3706,-160.37
6784,23235,9095.3,3170.1,-197.36
6788,23239,9088.6,2354.9,-188.72
6790,23225,9103.3,1873.3,-193.31
6791,23224,9092.5,4261.9,-220.81
6792,23229,9095.9,4803.2,-215.56
6793,23237,9087,2031.3,-186.29
6794,23235,9099.8,1198.6,-164.1
6796,18821,13055,1640.6,-231.33
6798,24531,9669.2,1496.2,-179.22
6799,24527,9672.3,2489,-181.56
6800,24535,9661.4,1148.2,-188.85
6801,24523,9670.9,4330.9,-204.76
6802,24529,9666.1,3640,-203.31
6803,24530,9669.9,3492.5,-215.16
6804,20489,13318,7470.5,-225.47
6805,20526,13260,7362.6,-218.74
6806,20571,13306,5721.8,-191.5
6807,20576,13171,9714.7,-223.35
6807,20581,13276,10042,-223.63
6808,20532,13291,7269.5,-237.85
6836,22710,13395,1197.8,-177.98
6837,22729,13396,3412.8,-246.77
6838,22743,13379,2963.3,-220.61
6841,22733,13410,2009.9,-192.43
6842,22731,13432,1856.1,-204.38
6844,21060,11321,8863.2,-241.99
6844,22736,13423,1773.5,-192.42
6844,24537,10030,1875.1,-181.26
6847,22710,13392,1751.6,-218.38
6848,22728,13401,3187.6,-221.36
6849,22721,13396,1820.4,-180.23
6850,22724,13370,3632.7,-203.83
6851,22713,13392,1780.1,-203.98
6853,22716,13396,3540.3,-224.32
6854,22719,13384,3153.1,-225.43
6855,22670,13414,1315.8,-162.37
6856,22708,13398,1575.6,-200.7
6857,22747,13417,2425.6,-189.83
6861,22705,13385,2057,-180.55
6862,22726,13401,2559.4,-226.1
6863,22719,13393,2948.8,-175.68
6864,22734,13410,2961.9,-180.76
6865,22743,13413,1511.8,-191.54
6879,22942,13834,5626.6,-209.84
6879,22942,13852,4535.7,-218.23
6880,22796,13552,8094.3,-447.46
6880,22822,13648,8869.9,-479.47
6881,18079,11406,2634,-178.53
6881,22723,13399,2961.7,-216.32
6882,18048,11434,1335.5,-182.96
6882,22737,13404,3323.3,-220.77
6883,22739,13404,3092.7,-214.1
6884,22701,13381,3052.1,-206.85
6890,22720,13383,1577.2,-192.33
6891,22723,13405,1930.4,-196.74
6892,22693,13406,1509.8,-173.31
6896,22714,13424,1370,-201.64
6899,23388,14205,2087.8,-204.37
6901,23406,14211,2407.2,-209.08
6902,18063,11416,3047.3,-195.22
6903,18065,11410,1981.2,-183.19
6903,23392,14210,4261.5,-243.55
6904,18075,11420,3503.1,-186.43
6904,20132,9274.1,2346.2,-181.8
6904,23385,14218,3497.4,-397.41
6905,18072,11422,3185.7,-172.23
6905,20159,9292.6,2880.3,-194.46
6906,18057,11421,2720.3,-173.63
6906,20154,9255.1,2103.5,-175.21
6906,22717,13382,3615.5,-224.4
6907,18061,11418,3707.4,-177.68
6907,22733,13415,2673.3,-313.55
6908,18067,11421,2629.9,-171.39
6908,23400,14236,1116.2,-319.03
6909,18070,11413,3580.5,-199.92
6909,23395,14213,5447.8,-299.74
6910,18067,11420,3849.5,-192.57
6910,23396,14235,2707.2,-181.73
6911,18071,11419,3434,-208.42
6911,23420,14252,1023.4,-162.95
6912,18060,11407,2159.9,-190.69
6917,18061,11413,2378.4,-163.4
6918,18067,11426,1275.5,-173.75
6925,18064,11419,1264.5,-172.3
6926,18072,11421,1783.8,-175.32
6927,18067,11420,3852.3,-166.94
6961,23849,13519,3692.6,-242.94
6962,23844,13521,4660.7,-231.95
6963,23844,13533,4180.8,-244.22
6964,23841,13522,3977.7,-222.92
6966,23840,13537,1357.9,-171.39
6967,23829,13534,1568.8,-178.32
6972,23854,13524,2144.9,-214.24
6973,23844,13532,3298.3,-175.24
6974,18203,8941,1236,-180.68
6974,23837,13530,4146.9,-207.23
6978,23833,13523,1679.9,-187.56
6979,23841,13526,4122.2,-209.75
6982,23833,13525,2497.7,-178.65
6983,23833,13529,4226.1,-221.61
6984,23453,13525,5269.7,-468.85
6984,23818,13539,1904.1,-314.66
6985,23815,13515,1272.7,-210.92
6986,23823,13533,2836.8,-226.66
6987,23827,13536,4212.4,-381.91
6988,23804,13535,1494.9,-264.41
6989,23822,13530,1956.2,-189.54
6992,23826,13526,2061.8,-189.72
6993,23828,13511,1064.3,-181.08
6994,23825,13525,4020.5,-253.41
6995,23820,13529,3944.6,-445.91
6996,23812,13525,2674.5,-475.88
6997,23828,13526,4248.9,-495.29
6998,21146,10246,1311.3,-163.94
6998,23828,13522,4138.7,-248.01
6999,21132,10238,3292.4,-219.8
6999,23834,13530,4160.7,-250.13
7001,23000,13566,5434.5,-214.98
7002,22970,13552,6861,-237.96
7024,23532,11930,5321.9,-212.52
7065,23334,11834,3118,-186.3
7066,23339,11828,1544.5,-180.16
7067,17833,11495,1355.2,-156.26
7067,23335,11831,4592,-192.08
7069,21439,14099,2175,-160.92
7069,23341,11827,5574.7,-200.43
7070,23337,11828,5353,-204.27
7071,23353,11822,4250.5,-190.14
7072,21444,14082,1408.6,-188.9
7072,23341,11813,2764.3,-186.15
7073,21439,14106,1435.2,-171.05
7073,22219,12325,4478.5,-221.07
7073,22216,12330,3617.1,-444.86
7073,23338,11821,6248.4,-285.1
7074,22213,12375,10009,-309.56
7074,22214,12384,9457.8,-306.88
7075,22261,12373,3307.1,-301.11
7075,22260,12365,3663,-275.36
7075,23336,11819,2687.2,-283.22
7076,23327,11814,1776.6,-181.98
7077,23328,11804,1039.1,-184.92
7081,22235,12380,6073.2,-260.51
7086,21461,9593.1,1001,-166.69
7087,21471,9587.3,1248.3,-181.5
7088,21518,9608.8,1032.8,-179.64
7091,21487,9594.2,1354.5,-167.22
7092,21505,9610.6,1085.8,-184.62
7094,21507,9606.3,1227.3,-200.55
7101,21476,9591,1079.7,-159.54
7104,21508,9585.8,1109.7,-188.59
7105,21487,9574.2,1179.9,-175.13
7117,23073,12238,2190.2,-161.98
7118,23083,12238,1088.8,-182.09
7121,23063,12229,1608.8,-169.71
7122,23089,12226,2659,-212.43
7123,23070,12232,1559,-179.88
7124,23070,12226,2697.5,-205.05
7125,23089,12228,3141.9,-189.24
7126,23065,12262,1644.1,-199.29
7127,23078,12242,3566.6,-212.64
7129,21054,14433,6458.8,-217.94
7129,21031,14425,6838.2,-230.8
7130,21113,14455,4618.8,-213.61
7131,21072,14450,4940.8,-225.28
7166,23565,12021,7851.1,-208.41
7188,24568,9761.7,11014,-196.89
7193,20409,13415,3072.1,-216.65
7194,20396,13428,3841.8,-169.56
7195,20408,13422,2772.2,-184.3
7196,20407,13412,3628.2,-178.87
7197,20406,13410,3818.3,-199.19
7229,21438,9738.8,3025,-215.31
7231,21379,9812.2,2192.5,-193.69
7238,21239,9733.2,3113.2,-197.98
7244,21290,9669.3,6959.3,-191.67
7245,21372,9739.1,3778.9,-203.85
7256,22234,8509.1,3765.7,-197.5
7257,22234,8511.4,3557.8,-197.9
7258,22227,8511.8,1795.8,-176.08
7271,22978,11570,2359,-218.85
7272,22973,11564,3326.5,-200.4
7273,22951,11594,1118.7,-173.29
7274,22958,11558,2794.3,-196.77
7275,22969,11572,3534.8,-191.89
7276,22974,11562,1484.1,-196.26
7277,22961,11556,1394.2,-176.58
7278,22975,11580,1953.8,-159.79
7283,22560,9776.7,1597.9,-170.87
7326,17675,9127.4,8372.2,-196.12
7340,22174,9411.4,2915.8,-182.78
7341,22187,9405.3,3202.4,-186.36
7342,22185,9416.4,3484.7,-190.67
7343,22191,9418.8,3273.4,-189.68
7344,22189,9423.1,2511.3,-205.59
7345,22490,10792,1805.8,-211.34
7346,22500,10766,3461.2,-196.07
7347,22500,10775,3295.2,-205.93
7348,19759,14605,4661.8,-236.64
7349,19782,14588,4475.6,-242.53
7349,22493,10780,1139.5,-189.31
7350,22499,10773,2185.6,-192.8
7351,19859,14578,3704.7,-208.87
7351,22490,10774,2140.3,-183.98
7352,22485,10770,2613.8,-185.64
7353,19719,14541,3959,-217.35
7354,22483,10784,1308.3,-171.34
7355,22493,10792,1939.4,-180.41
7356,22490,10781,2085.5,-171.47
7357,22485,10783,1401.1,-178
7358,22498,10775,3325.3,-211.6
7421,22307,9844.8,1329.5,-183.92
7422,22296,9829.1,3453.5,-176.04
7423,22297,9835.5,3520.4,-226.49
7424,22273,9830.8,1750.1,-178.84
7425,22295,9816.8,1100.2,-201.43
7426,22273,9821.5,1375.5,-186.95
7444,22729,10026,1602.3,-194.99
7446,21070,8899.1,3103.6,-211.71
7459,21069,8931.2,1238.8,-167.59
7460,21057,8922.6,1756.2,-219.7
7468,21073,8927.6,1925.2,-188.15
7469,21091,8907.4,1873.7,-183.63
7470,21077,8903.5,3325.4,-210.56
7471,21059,8889.3,1130.7,-174.35
7472,21069,8913,3073.2,-245.52
7473,21087,8915.9,3144.4,-195.7
7474,21114,8943.4,3125.5,-213.78
7475,21100,8929.2,3614,-259.48
7476,21101,8931.6,2398.2,-275.04
7485,21060,8929.1,1924.7,-182.95
7486,21069,8877.6,1942.9,-201.61
7487,21058,8905.7,1355.3,-221.23
7496,22225,12588,2064.5,-177.12
7500,22189,10433,1049.7,-150.37
7502,22233,12606,1977.3,-181.62
7508,23200,10642,2485.5,-231.81
7510,22272,12563,1059.9,-186.39
7512,23506,11029,6493.2,-218.99
7514,22184,12608,1033.8,-179.68
7517,22192,12577,1214.1,-220.43
7518,22226,12580,1625.6,-195.8
7519,22267,12587,1358.1,-177.52
7532,21491,11034,1257.8,-185.1
7533,21488,11050,2040.1,-205.6
7534,21476,11049,2100.5,-223.2
7535,22470,10702,1556.3,-221.91
7536,21480,11052,2485.3,-439.33
7536,22465,10687,2501.3,-423.17
7537,21486,11036,1300.6,-299.17
7537,22481,10678,1691.5,-301.91
7538,21489,11043,3228.5,-209.03
7539,21483,11036,3423.3,-236.64
7540,22466,10683,1783.6,-213.6
7541,22249,12573,1474.3,-173.29
7543,22282,12566,1026.1,-180.45
7544,21466,11025,2243.4,-186.76
7544,22221,12597,1302.4,-178.56
7545,22204,12612,1974.4,-208.72
7546,21476,11038,4646.9,-264.48
7547,21487,11049,2607.8,-199.36
7548,21480,11042,2820.2,-209.05
7549,21489,11028,1329.3,-210.96
7552,21472,11041,1899.3,-180.24
7554,21481,11046,4388.5,-250
7555,21474,11045,2465.1,-192.65
7556,21488,11048,3381.3,-215.49
7557,21475,11054,1049.4,-174.71
7558,21484,11042,2972.3,-183.08
7559,21482,11044,2994.5,-197.5
7560,21482,11045,2869.4,-192.26
7561,21491,11048,3383.7,-192.38
7562,21481,11032,1111,-174.41
7563,21473,11079,1030.7,-201.88
7564,21477,11050,2414.5,-180.38
7565,21480,11044,3148.4,-199.69
7567,21482,11050,3874.3,-200.02
7568,21491,11045,3986,-189.35
7569,21480,11045,2413,-211.65
7569,22590,12207,1255.1,-171.2
7570,21477,11043,1436.7,-168.89
7570,22582,12216,1078,-186.51
7570,22632,9779.7,1914.3,-163.15
7571,21483,11055,2410.5,-198.75
7571,22634,9790,1657.3,-186.24
7572,21486,11055,2996,-207.3
7572,22646,9789.6,1667.9,-169.3
7573,21484,11051,2737,-149.66
7575,22654,9775.6,2740.2,-202.95
7593,23273,11935,1015.9,-195.32
7602,22585,12213,1170.7,-197.32
7607,22478,10423,1389.9,-191
7608,22454,10450,1664.8,-209.22
7613,22489,10426,1058.8,-184.27
7617,22488,10439,1073.5,-187.99
7621,19292,9983.9,1469.6,-177.08
7622,19309,9991,1235.8,-160.15
7652,24597,13520,1879,-216.85
7653,24680,13571,3812.4,-258.89
7654,24659,13538,2718.9,-209.31
7656,24702,13577,3113.1,-232.11
7657,24714,13591,1604.9,-190.35
7660,21684,8981.2,1115.9,-183.82
7664,21694,8958.3,1049.4,-187.31
7665,21680,8973.6,1202.3,-142.13
7666,21702,8951.6,1219.4,-190.53
7667,21681,8956.1,1331.2,-169.38
7668,21683,8957.5,1310.5,-185.57
7670,21686,8964.5,1152.6,-182.06
7671,21701,8936.5,1101.1,-211.15
7672,21658,8949.8,1284.2,-182.78
7673,21695,8971.7,1051.9,-202.59
7675,21696,8966.8,1078.9,-186.3
7676,21682,8971,1043.9,-173.57
7677,21689,8979.3,1079.3,-171.5
7682,21676,8958.4,1490.5,-187.3
7683,21667,8982.2,1381.3,-175.81
7693,23250,11037,1041.6,-193.05
7694,23271,11038,2911.3,-216.47
7695,23268,11029,2568.7,-169.05
7696,23257,11021,2808.3,-175.96
7697,23269,11036,2248.2,-184.8
7698,23276,11024,3405.9,-207.06
7699,23258,11026,1807.2,-179.19
7700,23275,11031,3346.8,-202.19
7701,23259,11034,2519.6,-234.46
7702,23279,11025,3102,-188.08
7703,23270,11027,4309,-199.57
7704,23278,11029,3475.3,-188.97
7705,23282,11036,3483.6,-185.67
7706,23272,11025,1684.6,-180.3
7707,23292,11033,2870.6,-200.18
7708,23264,11035,2298.7,-181.9
7709,23254,11038,3475.1,-203.48
7712,21682,8960.9,1038.9,-175.19
7714,21676,8988.7,1060.5,-191.45
7715,21684,8960.9,1014.1,-178.65
7745,18084,10135,2436.2,-196.24
7746,18088,10133,3702.7,-208.53
7747,18079,10123,1120.1,-201.3
7750,20550,8764.9,1516.8,-181.39
7770,20589,8725.9,1978,-198.67
7771,20568,8721.2,3291.4,-239.73
7772,20545,8726.9,3358.2,-195.46
7773,20469,8772,2326.4,-197.52
7774,20467,8740,4512.4,-243.78
7775,20474,8818.8,3602.7,-246.6
7776,20536,8894.6,2557.8,-248.29
7777,23156,9284.9,1257.7,-168.47
7778,23163,9278.4,1926.9,-204.64
7780,21082,8900.4,1126.9,-184.8
7781,21041,8897.1,1990.7,-235.83
7844,21995,10341,1088.4,-178.04
7847,21989,10322,2285.9,-209.09
7848,21990,10321,1440.9,-199.81
7852,23369,10995,2732.5,-192.91
7853,23366,10998,1817.6,-190.64
7854,23376,10977,4705.3,-202.73
7855,23359,10991,3225.2,-178.73
7856,23375,10993,2894.5,-210.69
7870,19510,10245,8361.4,-242.01
7878,23053,12119,3601.3,-223.97
7879,23048,12116,4972.9,-273.21
7880,23046,12107,4906.4,-230.34
7881,23072,12129,1805.9,-237.65
7883,23038,12104,5299.8,-273.31
7884,23032,12094,1948.7,-239.81
7885,20543,12266,1932.1,-165.62
7886,20532,12262,1692.8,-173.28
7887,20544,12248,1779.4,-166.16
7888,20543,12252,1598,-207.65
7889,18806,15192,4425.2,-242.2
7889,20540,12248,1860.3,-178.17
7890,20532,12253,1582.5,-172.44
7891,20542,12241,2220.4,-193.8
7892,20559,12270,1864.6,-193.52
7893,18786,15164,2159,-194.26
7893,20517,12256,1639.5,-185.28
7894,18821,15135,3356.4,-198.18
7894,20521,12256,1711.4,-186.65
7895,20535,12253,1417.5,-163.1
7896,21951,13808,2772.8,-200.51
7897,21950,13802,2733.3,-181.63
7898,21954,13796,3509.4,-186.58
7901,21954,13787,3080.1,-185.23
7903,21963,13785,1011.2,-195.65
7906,21937,13802,2518.6,-171.9
7907,21955,13796,3123.3,-195.52
7908,21949,13795,3509.9,-183.05
7909,21962,13787,2756,-160.09
7910,21949,13797,2477.6,-184.93
7911,21943,13788,1615.5,-166.01
7914,21959,13803,1020.6,-201.61
7916,21928,13803,1506.3,-177.96
7919,21945,13810,2468,-166.7
7920,21956,13795,3525.4,-197.88
7921,21952,13794,3237.1,-174.58
7922,21942,13798,3107.7,-160.35
7925,21946,13799,2714.7,-188.57
7926,21962,13799,1955.3,-199.31
7927,21940,13794,1429.8,-160.41
7928,21955,13809,1777.6,-172.39
7929,21944,13810,2712.5,-178.35
7961,19947,14134,2519.1,-211.74
7962,19947,14137,2202.9,-203.35
7963,19958,14135,2683.9,-191.94
7964,19948,14145,3066.3,-192.28
7965,19953,14149,2363.8,-219.05
7966,19942,14141,2430.2,-201.16
7967,19940,14136,3041.8,-225.38
7968,19938,14139,2428,-216.26
7969,19949,14136,2897.2,-216.3
7970,19948,14140,3022.4,-214
7971,19941,14132,3470.3,-254.08
7972,19942,14130,3114.2,-223.38
7973,19943,14124,3142.7,-241.24
7974,19947,14153,2158.5,-189.5
7975,20766,13048,5211.2,-220.56
7976,19962,14142,1484.8,-412.28
7976,20775,13049,5701.2,-183.1
7977,19954,14145,1795.2,-385.19
7977,20770,13048,4668,-224.75
7981,22453,9504.8,11887,-235.59
7982,20767,13055,4009.5,-206.1
7983,20770,13055,5402.8,-199.75
7989,20752,13050,2294.8,-167.49
8066,23291,10872,3889.8,-181.12
8067,23309,10865,3579.7,-211.63
8068,23291,10876,2232.1,-184.86
8097,21152,9072.5,1708,-174.21
8098,21140,9055.6,1617.8,-198.16
8100,21143,9054.7,2764.1,-211.05
8101,21156,9027.5,1016.3,-187.11
8102,21155,9049.7,3556.9,-254.46
8103,21141,9043.2,3101.5,-224.18
8128,19242,13984,3145.3,-166.68
8129,19271,13960,3231.2,-210.05
8130,19315,13980,3375.1,-190.18
8132,19314,13992,2740.6,-209.87
8134,19302,14003,3498,-177.75
8135,19312,14034,3382.4,-161.99
8137,19281,14013,2831,-182.27
8138,19301,14022,2544.8,-227.35
8139,19291,14025,2414.1,-167.03
8140,19294,14039,2685.6,-189.77
8142,19299,14044,2223.9,-181.81
8143,19265,14018,3210.5,-182.77
8158,22215,12277,1482.8,-187.72
8159,22238,12270,2497.6,-206.37
8160,22233,12279,1954.4,-187.62
8172,23557,10760,3789.6,-195.28
8173,23555,10756,3239.1,-182.82
8262,19304,13854,4198,-241.65
8263,19267,13853,4336.5,-248.04
8264,19270,13831,4582.2,-221.8
8265,19297,13836,2432.8,-237.78
8281,18933,14148,3024.1,-181.3
8282,18977,14103,1768.6,-179.52
8283,18969,14128,2656.6,-196.13
8284,18953,14129,4127.1,-206.5
8289,18951,14157,3727.8,-214.41
8290,18946,14147,2757.8,-208.39
8316,24139,10715,4501.6,-210.27
8318,24150,10725,6371.2,-221.08
8354,21635,14790,1453.8,-193.03
8355,21616,14746,1396.2,-169.14
8359,21597,14768,2678,-215.54
8360,21597,14785,2291.7,-224.03
8364,21604,14788,1436.8,-203.25
8365,21597,14789,2097.8,-212.19
8369,21602,14784,1999,-226.61
8370,21594,14792,2232.1,-213.01
8370,24540,12371,1728.7,-196.78
8371,21603,14800,2314.9,-229.66
8371,24538,12381,2684.3,-197.73
8372,21612,14799,3884.8,-212.8
8372,24530,12379,1773.3,-173.98
8373,24541,12384,1580,-216.68
8375,21605,14798,3709.2,-239.93
8377,21600,14777,2250.7,-213.69
8378,21586,14765,1485.2,-202.82
8382,21617,14781,3922.7,-226.83
8386,21609,14800,3691.3,-255.54
8387,21717,14881,4087.7,-205.32
8388,21702,14920,2569.9,-217.32
8390,20716,13374,1316.1,-195.06
8418,22923,10482,2906.8,-192.44
8478,18221,10270,1884.8,-228.39
8537,19739,12542,1282.3,-176.04
8538,19747,12526,2060.5,-206.87
8539,19731,12549,2338,-204.05
8540,19737,12541,1740.6,-198.02
8542,19750,12554,2681.4,-196.33
8543,19726,12535,1634.9,-207.94
8545,19741,12529,4049.8,-269.58
8546,19754,12554,3438.8,-233.83
8603,20230,14885,1521.6,-221.44
8619,22713,12211,1627.9,-171.87
8620,22731,12186,2070.3,-185.1
8621,22715,12195,2317.4,-188.47
8647,22925,12095,1105.3,-176.45
8711,20120,14478,1107.2,-190.29
8714,20133,14520,2233.2,-187.33
8715,20123,14521,1094,-168.5
8716,20120,14524,1704.6,-203.58
8717,20119,14497,1334.9,-197.04
8718,20118,14510,1779.6,-185.12
8719,20153,14524,1055.7,-190.96
8720,20121,14493,2339.3,-199.81
8721,20130,14498,1555.2,-204.72
8722,20117,14509,1678.2,-199.86
8723,20106,14495,1454.1,-181.39
8724,20127,14517,1267.7,-173.25
8725,20115,14492,1805.1,-187.68
8726,20120,14500,1530.6,-191.37
8727,20112,14507,2063.3,-227.04
8728,20124,14502,1863.6,-181.24
8729,20117,14496,2223.7,-206.54
8730,20120,14505,1920,-191.44
8731,20121,14492,1446.5,-198.76
8732,20126,14505,1164.9,-211.47
8733,20149,14497,1450.6,-164.8
8734,20126,14516,1419.4,-166.92
8735,20147,14517,1399,-221.84
8782,18940,13598,2997.4,-202.34
8783,18917,13605,4373.8,-182.76
8784,21599,13429,1543.4,-164.14
8785,18904,13585,4035.6,-198.97
8786,18895,13570,3963.5,-202.29
8787,18896,13583,3466.3,-199.34
8788,18919,13638,1803.6,-206.64
8789,18923,13611,3467.4,-190.3
8790,18927,13591,1394.6,-191.8
8791,18903,13588,3491.7,-215.11
8792,18911,13617,3353.5,-193.39
8793,18905,13603,4167.9,-198.77
8795,18919,13586,2001.9,-186.72
8797,17688,8853.2,2290.1,-189.36
8798,17682,8899.9,2618.9,-174.95
8799,17696,8878.4,2641.3,-176.69
8800,17684,8850.9,1921.4,-179.07
8801,17692,8806.7,1983.4,-180.05
8801,23875,11594,1545.7,-199.48
8802,17664,8848.2,3273.7,-199.41
8803,17730,8804.1,1765.8,-195.72
8804,17659,8867.2,3394.4,-154.57
8805,17680,8872.7,2785.7,-209.07
8806,17690,8899.1,3377.6,-180.27
8807,17719,8882.8,2337.2,-209.38
8808,17682,8884.4,1777.1,-211.91
8814,17675,8848.6,1251.7,-176.97
8815,17685,8838.7,2114.6,-202.39
8816,17682,8864.2,1794.9,-182.86
8817,17724,8866.2,2149.6,-183.09
8818,17699,8886.8,2957.8,-180.66
8819,17691,8845.1,2468.6,-198.05
8820,17679,8860.7,2692.3,-213.46
8820,23458,9960.7,1337.6,-175.45
8821,17695,8852.7,2494.3,-190.57
8822,17704,8836.5,2545.1,-200.46
8823,17671,8845.9,3231.9,-192.1
8824,17760,8899.9,2977.4,-188.31
8825,17673,8851,2426.6,-172.34
8826,17732,8868.3,2201.1,-174.48
8827,17687,8840.3,2161.4,-192.42
8828,17698,8870.9,2952.7,-165.61
8829,17682,8856.1,1862.4,-189.69
8830,17709,8884.7,2546.2,-198.2
8831,17672,8855.6,2367.7,-208.71
8833,17677,8884,1900,-173.8
8834,17685,8861.4,3581.3,-220.42
8835,17650,8867.9,3054.4,-183.99
8836,17657,8873.9,2302.5,-189.1
8837,17669,8867.9,2309.7,-183.54
8838,17698,8846.3,2211,-205.73
8839,17674,8846.1,1772.1,-193.44
8840,17687,8855.5,2025.5,-177.89
8841,17688,8886,1872.8,-196.04
8842,17697,8900.3,2640.8,-207.1
8843,17644,8839.1,2220,-203.2
8867,22050,14702,1162.7,-204.39
8868,22049,14694,1810.3,-165.24
8872,22027,14674,1886.4,-180.55
8873,22058,14700,2251,-186.04
8878,20667,12904,2265.4,-171.72
8879,20673,12913,3239.8,-200.99
8879,22030,14686,1383.8,-222.48
8880,20681,12906,2053.8,-172.1
8881,20674,12908,2362.3,-197.1
8882,20671,12917,2733.8,-177.18
8883,20669,12914,2865.4,-190.42
8883,22033,14706,1024.6,-182
8884,20663,12907,3085,-168.99
8884,22037,14691,2179.5,-187.06
8885,20674,12910,2892.2,-196.7
8886,20672,12910,2541.4,-176.86
8889,22058,14670,1277.7,-198.49
8890,22042,14678,2235.8,-195.29
8891,22039,14679,3707.5,-193.67
8892,22041,14690,2519.1,-200.21
8893,22046,14683,3981,-203.27
8902,22045,14691,3558.5,-230.92
8903,22042,14686,3851.7,-182.78
8904,22039,14676,3998.7,-224.67
8906,22040,14679,3035.1,-200.78
8907,22038,14684,2107.3,-191.44
8909,22023,14690,1147.5,-187.37
8911,22045,14701,3021,-186.35
8915,22043,14699,1574.4,-158.53
8919,22036,14696,3030.5,-182.21
8921,22043,14705,1881.2,-192.14
8922,22041,14685,2869.8,-223.18
8992,23009,13862,1709.2,-196.84
8993,23002,13871,2858.3,-209.21
8994,23010,13862,2654.9,-212.12
8995,22996,13859,2107.1,-174.33
8998,21376,12232,1157.6,-148.7
9008,21377,12220,1198.6,-158.12
9009,21365,12231,1053.9,-168.2
9010,21371,12227,1408.8,-215.29
9013,21369,12228,1451.9,-202.98
9015,23156,11917,1462.4,-200.02
9016,23150,11916,2322.8,-228.61
9018,23167,11917,2813.8,-202.7
9028,21360,12192,1340.2,-232.26
9029,21007,11941,1723.7,-192
9032,23151,11894,1148.3,-170.26
9033,20995,11939,1158.8,-175.66
9033,23163,11902,4309.4,-199.36
9034,23162,11913,2136.1,-210.27
9035,23156,11904,2327.8,-207.51
9038,23157,11914,2786.1,-227.96
9039,23158,11908,4032.8,-217.99
9040,23170,11911,3495.6,-193.37
9041,23168,11920,2991.4,-198.75
9043,23177,11907,2887.9,-212.09
9044,23173,11913,4237.6,-181.98
9045,23174,11894,1531.9,-190.41
9046,23163,11911,3713.2,-193.34
9048,23162,11921,2831.2,-171.36
9049,23160,11911,1316.1,-163.62
9051,23173,11907,1794.1,-173.14
9052,23159,11913,2506.5,-198.71
9053,23167,11901,1213.1,-192.38
9054,23177,11907,3000.5,-151.71
9058,23170,11909,2795.1,-207.6
9059,23163,11911,2140.7,-183.17
9060,23163,11919,1207,-173.73
9061,23168,11911,2426.2,-220.36
9062,23184,11911,1673.8,-165.66
9065,23162,11916,1455,-204.25
9066,23174,11911,3865.2,-197.37
9067,18629,12265,1610,-184.81
9067,23138,11916,1500,-217.67
9068,23156,11915,2003.4,-200.36
9069,18642,12263,1291.1,-180.42
9070,23176,11923,3582.1,-191.37
9071,18609,12297,1231.6,-194.89
9071,23178,11915,3005.2,-162.76
9072,23169,11911,3536.4,-174.34
9073,23167,11912,3452.8,-219.3
9074,18618,12240,1232.7,-191.03
9074,23163,11915,3506.1,-175.7
9075,23172,11916,3553.3,-205.55
9076,18606,12251,1065.7,-205.25
9076,23169,11922,3185.8,-206.62
9079,18613,12245,1080.2,-191.74
9083,18618,12225,1168.4,-204.69
9084,18639,12261,1129.6,-187.08
9085,18625,12251,1098.6,-198.96
9086,18613,12256,1071.8,-220.46
9089,18631,12259,1053.9,-184.04
9090,18613,12217,1165.1,-168.4
9091,18587,12225,1270.3,-173.12
9094,18609,12250,1117.1,-197.52
9096,18585,12258,1083.2,-173.18
9097,18608,12254,1150.2,-189.87
9103,18613,12276,1120,-168
9108,18627,12269,1284.7,-191.64
9111,18641,12266,1020.4,-204.82
9115,18598,12262,1129,-194.55
9118,18557,12228,1465.5,-189.41
9120,18615,12230,1021.9,-184.31
9121,18608,12229,1129.5,-159.91
9123,23915,11076,1694.2,-231.09
9124,18627,12242,1062.6,-175.29
9124,23900,11081,1473.5,-179.05
9125,18575,12241,1137.8,-170.86
9127,18593,12242,1198.8,-184.99
9128,18591,12250,1298.9,-171.02
9294,22884,11485,3524,-222.89
9297,22857,11507,2700.7,-190.95
9298,22840,11499,3594,-184.63
9301,22854,11565,1174.1,-191.95
9307,22844,11498,3107.9,-181.86
9331,18862,13065,1814.6,-203.51
9332,18876,13040,1206.2,-199.2
9393,17911,14684,4756.6,-222.74
9394,17920,14662,5988.7,-227.29
9395,17903,14668,3165.7,-219.86
9395,17899,14686,3722.6,-211.9
9396,17928,14641,4818.9,-200.07
9396,17932,14645,5079.2,-195.04
9398,17908,14658,6328.7,-220.74
9426,20742,12081,5689.2,-258.56
9426,20741,12081,5789.3,-265.51
9464,22849,13565,3043,-184.39
9469,22218,14728,4526.7,-188.62
9470,22187,14674,6523.2,-213.31
9470,22184,14684,6514,-238.83
9471,22189,14702,4106.6,-222.21
9472,22202,14679,4575,-208.27
9472,22200,14692,3966.6,-226.75
9473,22170,14750,1734.1,-205.26
9475,22184,14704,2839,-187.63
9476,22230,14680,4465.1,-198.01
9476,22223,14694,4161.5,-199.36
9477,22248,14700,2982.5,-210.46
9478,22201,14696,4666.9,-219.93
9478,22199,14691,4667.8,-220.99
9479,22213,14695,5666.7,-197.05
9479,22215,14695,4915,-189.9
9480,22206,14715,3844.3,-236.49
9481,22199,14712,3528,-194.89
9482,22234,14722,2584,-210.83
9483,22237,14696,3785.1,-194.92
9483,22233,14708,4169.9,-209.38
9485,22207,14710,5258.1,-201.7
9485,22203,14714,5312.3,-204.34
9509,22440,12721,3526.5,-195.22
9510,22365,14867,5352.8,-201.64
9510,22364,14874,5030.5,-213.37
9510,22431,12708,2816.9,-182.61
9511,22346,14880,3015.7,-204.12
9511,22434,12720,3326.2,-209.06
9512,22370,14868,5274.7,-203.31
9512,22431,12722,3241.4,-207.95
9513,22434,12716,2986.4,-198.64
9552,22302,13894,1221.2,-202.57
9555,22299,13892,1996.7,-192.17
9556,22298,13895,3443.5,-197.87
9557,22298,13899,3655.8,-191.87
9558,22294,13900,1696.1,-175.59
9559,22288,13892,2798.3,-172.41
9560,22304,13890,1566.8,-174.28
9581,22060,12719,2167.3,-186.73
9582,22048,12728,4464.2,-201.14
9583,22051,12738,2216.1,-172.15
9601,20328,8602.4,3453.5,-202.95
9602,20328,8609.3,3801.9,-187.86
9603,20324,8607.4,2240.8,-196
9604,20323,8608.9,4034.2,-227.12
9605,20318,8609,3268.4,-185.34
9606,20331,8605.7,3005.4,-209.25
9607,20332,8620.4,3228.9,-190.41
9608,20323,8613.1,3230.3,-201.47
9609,20324,8616.6,4258.4,-243.58
9610,20316,8606.9,1487.9,-169.62
9639,21600,10768,4468.2,-171.86
9639,21601,10774,4360.7,-167.16
9675,22210,14737,4080.4,-205.11
9676,22237,14699,3703.8,-196.36
9677,22238,14729,3575,-193.1
9678,22211,14748,1708.1,-211.15
9689,23848,13511,1694.7,-196.84
9690,23835,13494,1271.7,-204.93
9691,23838,13510,1450.9,-166.36
9692,23819,13484,2101.8,-171.62
9697,23825,13488,1701.6,-170.94
9698,23831,13485,2019.1,-191.56
9699,23824,13488,2076.6,-203.59
9700,23836,13475,1191.1,-172.54
9701,23845,13488,1116.7,-216.68
9702,23838,13482,2094.6,-178.02
9705,23825,13495,3144.7,-203.6
9706,23835,13506,1498.3,-187.63
9707,23823,13503,3316.8,-221.44
9708,23831,13504,3210.3,-215.2
9709,23835,13514,2528.8,-185.71
9710,23837,13519,1934.5,-181.46
9711,23839,13525,1524,-205.45
9713,23834,13524,1187,-190.32
9714,23830,13509,3841.9,-250.06
9715,23823,13499,6211.2,-285.63
9717,23813,13491,2040.8,-182.06
9718,23817,13486,3660.1,-190.21
9719,23832,13501,3621.2,-227.61
9724,23825,13496,1568.9,-191.52
9725,23841,13484,1201.5,-198.55
9727,23823,13498,2124,-194.37
9728,23839,13502,1854.3,-177.2
9730,23834,13520,1543.7,-171.13
9731,23813,13511,1996.4,-197
9752,24510,10036,1280.7,-173.43
9753,24516,10030,4036.7,-209.49
9754,24510,10032,1484.8,-158.69
9779,19464,9597.7,2858.3,-188.23
9781,19456,9602,3526.4,-185.43
9782,19457,9600.5,3621.9,-187.94
9783,19456,9595.9,3871.3,-173.36
9784,19463,9597.7,2202.7,-159.41
9785,19456,9598.2,3591.6,-183.54
9786,19457,9598.5,3249.8,-183.08
9787,19454,9600,4854.2,-200.72
9788,19448,9608.8,4037.3,-189.22
9789,19447,9597.4,1385.2,-185.85
9790,19452,9597.9,3435.4,-194.04
9791,19454,9595,1040.1,-162.67
9801,20526,14642,1189.5,-192.54
9802,20517,14625,3114.2,-218.73
9803,20523,14640,3519.5,-211.91
9805,20530,14641,1564.6,-199.78
9809,17815,11745,4311.3,-179.64
9810,17815,11746,3864.8,-163.91
9811,17805,11753,1996.9,-185.58
9813,17817,11753,2931.5,-184.26
9814,17811,11747,4539.5,-199.86
9815,17819,11752,1033.1,-181.11
9816,17816,11754,2709.1,-151.16
9817,17818,11745,2320.7,-173.74
9819,17819,11743,2672.7,-188.64
9824,17810,11746,1976.4,-156.38
9825,17812,11744,1743.3,-175.87
9826,17828,11742,1251.2,-160.19
9828,17818,11734,2504.8,-174.09
9829,17817,11737,1942.4,-205.64
9831,17818,11737,1233.1,-173.45
9833,17828,11742,1842.7,-180.94
9835,17825,11753,1716.7,-198.31
9836,17795,11738,1661.9,-165.56
9838,17826,11749,1421.7,-209.95
9839,17814,11739,1117.2,-179.69
9840,17826,11744,1865.7,-169.43
9841,17812,11750,2066.2,-167.81
9842,17824,11746,1253.3,-182.91
9891,20064,13687,3111.5,-212.75
9896,20063,13669,4454.2,-279.12
9898,20008,13738,2559.5,-187.33
9931,21877,11644,2115.3,-164.98
9932,21878,11637,2849.4,-187.48
9933,21874,11648,1902.6,-195.57
9934,21915,11655,1038.5,-181.86
9935,21882,11645,3113.8,-195.01
9936,21876,11638,2801.7,-182.83
9937,21872,11630,3232.8,-168.53
9938,21894,11635,2322.1,-181.49
9939,21898,11629,1113.7,-174.23
9940,21879,11632,2118.3,-184.54
9941,21884,11646,3379.5,-185.46
9942,21884,11643,2377.9,-186.85
9943,21861,11634,1442.3,-190.99
9993,19607,11668,1294.7,-193.04
9996,19628,11683,1841.1,-181.19
9997,19603,11677,2201.5,-181.94
9999,19605,11685,1968.3,-187.18
10000,19607,11699,1740.4,-153.62
10001,19612,11678,2901.4,-210.8
10002,19617,11675,2571.7,-174.18
10003,19613,11681,1880.3,-181.81
10058,19269,13865,3940.8,-273.68
10059,19255,13845,4032.5,-242.49
10060,19298,13856,1766.2,-195.27
10061,19257,13875,1470.4,-180.65
10105,20914,12750,1719.2,-167.2
10106,20895,12742,1300.1,-192.57
10107,20885,12748,2558.8,-156.55
10108,20895,12746,1706.5,-173.59
10109,20899,12756,3124.9,-167.43
10110,20877,12771,2800.8,-206.92
10253,17925,10387,2178.7,-205.1
10254,17916,10378,1462.8,-180.8
10255,17929,10395,1656.3,-150.08
10256,17930,10385,1159.3,-197.43
10291,19628,13927,1270.6,-197.72
10294,21802,14093,1153.7,-195.65
10295,19601,13950,1092.1,-214.33
10295,21806,14093,2206.3,-162.67
10296,19628,13956,1147.6,-181.75
10296,21817,14087,3723.7,-193.46
10299,19643,13929,1018.3,-186.48
10299,21800,14112,1889.1,-175.16
10300,21815,14085,4784.5,-221.83
10301,21809,14084,4889.3,-230.69
10302,21816,14088,2615.3,-174.45
10303,21803,14089,2421.7,-189.72
10304,21812,14091,3899.5,-231.53
10305,21811,14089,4368.9,-222.94
10306,21819,14088,4571.5,-223.34
10307,21814,14090,5810.7,-238.97
10308,21820,14084,2133.1,-210.22
10315,21828,14090,2634,-171.23
10316,21819,14097,3130.1,-217.43
10317,21815,14097,1171.4,-183.53
10318,21817,14093,4196.3,-219.93
10319,21819,14102,3980.7,-232.41
10320,23170,11830,3830.2,-193.9
10321,23151,11832,3439.1,-220.26
10321,23335,9492.1,3604.6,-183.04
10322,23185,11810,1010.5,-160.38
10322,23335,9495.6,3932.7,-191.7
10323,23176,11825,3186.8,-197.03
10324,23171,11836,1397,-161.54
10342,19470,13992,1012.2,-188.26
10343,19569,13932,1166.4,-196.15
10345,19481,13931,1317.4,-157.84
10361,19289,13970,1384.2,-217.05
10362,19263,13942,1404.9,-199.93
10363,19272,13974,1493.1,-212.73
10364,19256,13961,1126.9,-204.98
10365,19285,13952,1491.3,-191.25
10413,19463,13944,1306.4,-191.68
10415,19398,13948,1874,-213.54
10415,19398,13947,1815.3,-213.17
10416,19403,13954,2290.6,-188.26
10416,19404,13954,2396,-189.31
10417,19349,13955,2175.8,-258.95
10427,19629,13945,1004.8,-180.79
10428,19620,13941,1030.5,-174.81
10467,19629,13939,1047.9,-194.11
10477,17892,12502,1669,-204.1
10478,17897,12496,3230.7,-225.73
10479,17898,12520,2656.5,-187.67
10480,17898,12485,3449,-227.72
10481,17904,12487,3932.8,-264.42
10482,17911,12496,3767,-252.44
10483,17891,12482,1472.9,-180.35
10499,23615,11707,2634.5,-183.12
10500,23630,11710,3959.1,-212.42
10502,19246,13984,1814.3,-225.99
10503,19254,13970,1347.1,-215.57
10504,19256,13963,1571.1,-199.41
10505,19249,13974,1222.7,-199.41
10506,19251,13952,1839.9,-231.29
10507,19267,13969,1320.6,-206.5
10508,19234,13962,1334.5,-182.62
10509,19231,13970,1018.2,-192.19
10510,19284,13968,1201.3,-185.3
10511,19251,13957,1447.2,-201.15
10534,18409,13760,8252.7,-234.7
10535,18403,13732,8283.8,-245.1
10535,22916,12087,3018.6,-210.01
10536,22917,12075,3328.5,-187.85
10537,18454,13763,10127,-268.27
10537,22917,12090,2408.7,-168.03
10538,22912,12075,2873.4,-190.16
10538,23571,8479.2,2165.6,-176.88
10539,18349,13782,10352,-238.65
10539,22914,12079,3112.4,-205.99
10539,23563,8484.6,3586,-211.76
10540,22909,12075,3130.4,-177.86
10540,23556,8480,1817.9,-185.95
10541,22918,12084,2898.2,-155.85
10541,23577,8476.3,2362.6,-203.91
10542,23574,8479.7,2369.6,-191.73
10544,23580,8488.8,3720.3,-211.79
10545,23574,8481.7,2833.1,-204.66
10553,19615,13966,1071.8,-191.28
10567,19445,9506.2,1071.5,-156.92
10587,19619,13921,1012.6,-191.61
10595,19622,13935,1021,-170.24
10629,19630,13938,1447.5,-224.99
10736,22713,9325.1,1646.7,-180.83
10737,22716,9333.9,2663.6,-187.54
10738,22712,9337.3,2610.2,-180.38
10739,22713,9342.8,2639.4,-159.75
10740,22718,9326.2,2894.9,-162.97
10741,22716,9333.3,3501.7,-192.12
10742,22705,9338.3,3684.9,-182.49
10743,22717,9341.2,2465.3,-164.32
10756,19658,8414.8,2578.1,-225.92
10768,22116,10477,1390,-183.9
10769,22107,10458,1264.5,-193.26
10771,22122,10465,1678.7,-175.74
10793,22051,10776,6227.7,-214.4
10798,22003,10852,9112.9,-225.53
10799,21970,10862,7719.7,-252.06
10805,21972,10797,6718.5,-256.56
10807,20683,12916,2109.2,-187.18
10808,20669,12906,2424.6,-203.6
10809,20671,12920,2986.7,-181.17
10810,20660,12913,3308.3,-186.97
10810,21943,10895,7034.5,-208.61
10811,20656,12923,1655.2,-170.59
10812,20661,12920,2639.9,-169.18
10813,20671,12920,3548.4,-194.62
10813,21997,10815,8346.4,-230.17
10814,20665,12916,2991.6,-153.03
10815,22011,10841,5855.2,-213.04
10816,21994,10773,10754,-216.99
10817,22057,10864,9405.4,-219.23
10830,24092,12680,2487.3,-198.66
10831,22040,10867,7811.9,-220.74
10831,24080,12673,2432.7,-178.01
10832,24081,12666,1004.6,-163.76
10833,24079,12677,3732.4,-188.6
10834,24074,12671,4079.7,-221.05
10835,24086,12670,3995.6,-195.06
10836,24089,12665,1867.9,-177.86
10837,22584,9269.3,1087,-173.01
10837,24085,12673,3661.5,-176.15
10839,24079,12672,2760.4,-176.1
10848,24093,12665,1040.4,-185.99
10879,22600,10865,2082.7,-167.58
10965,20973,9534.6,1872.3,-220.74
10966,20975,9528.4,1638.8,-202.54
10969,24612,10353,3205.3,-167.17
10970,24610,10340,3688.1,-192.88
10971,20963,9543.4,2469.1,-179.54
10971,24610,10346,3705.9,-193.92
10972,24601,10339,3363.4,-198.19
10973,24603,10343,3582,-187.94
10974,24614,10341,3581.7,-171.5
10975,24613,10346,2954.9,-173.22
10976,20974,9531.7,1209,-165.8
10976,24603,10341,1852.7,-161.17
10977,19459,9530.6,1560.7,-174.85
10977,20958,9526.4,3306.3,-210.2
10977,24599,10347,3939.1,-197.4
10978,19441,9534.9,2858.6,-191.52
10978,20975,9520.1,2786.6,-183.58
10978,24613,10343,2994.7,-195.62
10979,20967,9540.3,1928.5,-194.34
10980,19438,9526.2,2424,-246.24
10981,24638,10346,1228.3,-167.91
10982,19445,9522.4,2464.2,-214.17
10982,24612,10336,3735.1,-193.27
10983,20963,9533.6,2864.4,-190.32
10983,24608,10351,3050.4,-171.99
10984,19434,9536.8,1520.7,-167.46
10984,20974,9540.1,1576.2,-152.32
10984,24606,10342,3382,-189.33
10985,19442,9540.1,3369.1,-229.1
10985,24604,10346,3588.8,-169.56
10986,19439,9530.8,2393.2,-177.77
10986,20958,9540.1,2239,-165.88
10986,24609,10336,3119.2,-182.7
10987,19444,9534.7,3254,-223.73
10987,24604,10345,3009.5,-216.35
10988,19444,9531.8,3231.2,-200.66
10989,19443,9534.6,3714.6,-186.02
10990,19432,9521.8,1951.8,-163.26
10991,19439,9547.4,1578.3,-201.54
10992,19439,9531.6,1746.7,-234.69
11001,19425,9522,1730.5,-172.72
11002,19437,9532.1,3212.3,-222.39
11003,19442,9530.6,3060,-191.97
11004,19440,9533,3524.1,-193.73
11005,19437,9511.9,1594.9,-194.08
11006,19424,9537.8,1422.7,-185.42
11007,19426,9494.2,1175.3,-192.91
11008,19422,9529.6,1629.9,-156.91
11009,19444,9529.6,1924.9,-215.29
11011,19438,9505.7,1236,-205.97
11012,19440,9508.8,1222,-189.52
11033,22258,9426.6,1854.8,-184.29
11034,22256,9408.5,2227.5,-195.15
11035,22260,9419.6,3327.8,-190.4
11036,22257,9427.3,2861.2,-174.35
11037,22246,9423.3,2418.7,-172.47
11075,18869,9443.4,1652.6,-208.67
11109,18667,11451,5052.2,-236.47
11110,18698,11437,2322.2,-201.55
11111,18668,11463,3744.6,-220.93
11112,18659,11451,3741.7,-196.39
11113,18679,11472,4435.8,-225.05
11114,18665,11466,4984.2,-286.55
11115,18659,11429,2944.8,-224.15
11116,18674,11445,4865.5,-255.83
11117,18685,11447,4163.4,-214.45
11118,18668,11447,5080.4,-246.39
11119,18687,11464,3471.3,-201.98
11120,18681,11458,4747,-226.28
11121,18682,11453,4758.8,-292.89
11122,18683,11444,3136,-192.46
11123,18674,11490,1828.3,-186.1
11124,18672,11446,4821.3,-249.76
11125,18662,11455,3569.6,-209.65
11126,18669,11458,2365.3,-193.6
11127,18681,11468,4670.6,-264.02
11128,18643,11463,2562,-166.5
11129,18671,11461,2879.5,-183.87
11130,18666,11450,4019.5,-209.07
11131,18662,11435,3593.3,-244.59
11152,19646,13952,1211.4,-196.97
11160,19638,13912,1412,-219.9
11161,19634,13942,1657.3,-201.8
11163,19624,13901,1121.1,-186.85
11164,22690,9359.9,1111.3,-169.91
11168,19630,13925,1481.7,-196.68
11187,24588,13704,3810.7,-212.68
11188,24588,13689,2779.4,-220.64
11189,24598,13724,4586.5,-207.59
11190,24575,13709,4460.1,-217.5
11191,24612,13726,2863.1,-180.93
11193,24578,13711,2516.4,-206.3
11212,22571,10241,3422.6,-183.15
11213,22575,10244,3857.8,-211.24
11214,18745,9323.2,2422.2,-307.39
11214,22571,10242,2368.7,-156.56
11215,22577,10232,2992.7,-183.35
11216,22571,10242,3965,-219.87
11217,22581,10236,3762.5,-195.6
11218,22589,10238,3761.2,-197.35
11219,19508,8440.6,3975.8,-236.33
11219,22582,10239,3845.6,-193.12
11220,19501,8418.2,2075.1,-198.67
11220,22593,10266,1167.8,-162
11252,22561,13660,1323.6,-183.91
11253,22547,13648,2066.3,-183.39
11254,22551,13646,1355.4,-191.77
11255,22563,13639,3519.6,-254.44
11256,22553,13619,2454.3,-191.63
11297,17976,13671,1349.8,-158.92
11298,17971,13644,1774.4,-194.24
11315,23327,8704,2211.6,-188.39
11316,23337,8733.9,3095.5,-181.42
11317,23333,8734.1,2459,-175.99
11318,23327,8716.9,1574,-181.95
11319,23340,8723.2,1806.8,-158.18
11320,23350,8733.2,3462,-219.76
11322,23345,8728.6,1672.3,-180.43
11397,24714,13916,6632.6,-229.46
11397,24714,13904,6313,-236.5
11399,24646,13715,6949.1,-287.6
11399,24657,13754,6985,-311.52
11400,24719,13865,6862.7,-212.86
11400,24704,13902,8849.5,-214.83
11400,24698,13874,8228.5,-219.98
11401,24709,13872,3994.6,-204.87
11402,24573,13531,3252.5,-256.06
11403,24619,13540,5074.9,-330.26
11418,21376,12023,1067.5,-201.01
11419,24559,11750,2292.3,-181.96
11420,24545,11750,3457.2,-202.17
11421,24552,11744,1926.3,-180.83
11423,24551,11754,1901,-189.41
11424,24561,11738,2603.9,-197.06
11425,24551,11753,1233.7,-187.13
11427,24560,11748,2153.1,-180.05
11428,24559,11735,2663.3,-189.94
11429,24565,11750,2868.1,-163.87
11438,19024,10945,9968.7,-211.47
11438,19023,11361,7562.8,-206.09
11438,24562,11736,1274.9,-290.66
11528,21517,8532.1,1506.5,-169.9
11529,21527,8547.5,1867.4,-209
11530,21580,8515.2,1589.6,-182.19
11531,21572,8491.9,1206.4,-174.79
11533,21546,8510.4,2310.2,-180.99
11534,21525,8531.4,1918.4,-199.14
11535,21503,8515.7,1079.1,-163.9
11605,20913,12771,1279.7,-193.9
11606,20906,12769,1978.1,-185.22
11607,20902,12773,2848.2,-175.3
11608,20909,12743,1238.4,-175.61
11615,21314,12983,2557.7,-181.89
11616,20585,14882,2564.1,-185.81
11617,20583,14887,2351.9,-203.97
11618,20589,14882,1239.2,-198.41
11619,20561,14881,2317.4,-231.46
11620,20586,14875,2310.3,-247.8
11621,20589,14883,2363.1,-221.1
11622,20573,14880,2220,-199.87
11623,20578,14880,2558.4,-230.25
11670,21332,12441,3199.4,-207.79
11671,21342,12436,3098.4,-192.01
11672,21332,12432,3016.4,-188.34
11673,21331,12443,2887.5,-187.99
11674,21339,12443,2302.4,-165.39
11675,21347,12447,3336.5,-205.96
11678,19546,13857,2209.6,-224.49
11679,19566,13840,3453.3,-225.32
11685,19584,13873,2748.4,-185.76
11754,19313,13145,5474.2,-234.7
11754,19312,13148,5104.9,-226.95
11782,21832,13153,11406,-225.93
11782,21815,13223,8900.9,-243
11809,19747,9550.4,1920.9,-162.47
11810,19741,9536,4075.9,-200.05
11811,19749,9542.8,1808.2,-207.8
11812,19742,9543.8,3837.3,-184.78
11813,19743,9535.6,3784.3,-203.6
11814,19654,11137,1104.4,-143.53
11814,19738,9536.1,3603.5,-206.58
11815,19646,11154,1444.4,-177.71
11815,19734,9534.5,3670.8,-195.29
11816,19673,11145,1366.4,-181.7
11855,22558,10238,1406.9,-176.59
11856,22570,10232,2020.1,-169.63
11863,22583,10239,2866.8,-202.2
11864,22582,10243,1997.7,-186.21
11865,22584,10248,3600.8,-192.24
11866,22581,10237,1786.2,-176.3
11867,22572,10242,2172,-183.9
11867,24000,9737.1,1195.5,-158.96
11868,22568,10244,2987.7,-226.96
11868,24019,9732.7,3365.6,-232.95
11869,24015,9727,3560.7,-213.39
11870,24015,9730.1,3214.4,-229.68
11871,24024,9728.6,1693,-190.44
11879,22571,10249,2632.9,-199.47
11880,22575,10243,1399.8,-210.48
11883,22584,10238,6136.7,-245.63
11884,22577,10209,1105.3,-176.73
11885,22580,10233,1101.2,-210.53
11886,22569,10241,4703.3,-214.78
11896,24444,11523,2172.4,-181.04
11897,18531,12126,4992.5,-217.35
11897,24444,11532,3595.6,-192.84
11898,18550,12108,6146.8,-179.44
11898,24448,11529,3377.6,-169.04
11899,18536,12115,5997.4,-244.48
11899,24451,11528,3942.6,-190.89
11900,18560,12125,4698.4,-182.71
11901,18565,12131,4597.6,-217.38
11904,19131,14595,5422.8,-205.18
11905,19145,14641,4023.7,-219.07
11906,19162,14540,6258.9,-205.05
11907,18451,8749.9,4077.3,-248.96
11907,19141,14592,5346.6,-230.4
11908,19111,14596,6248.8,-204.72
11909,19122,14538,7114.5,-230.93
11909,19108,14566,6899.4,-218.86
11910,19116,14574,4237,-202.23
11911,18351,8719.8,7783.1,-251.81
11911,19126,14571,7288,-240.49
11912,18413,8719,5140.5,-194.24
11912,18421,8710.4,5965.4,-191.53
11912,19111,14604,5183.1,-199.79
12113,22427,13009,1398.7,-167.73
12114,22431,13018,4247.4,-189.87
12115,22433,13016,1753.9,-172.16
12123,21606,10760,2782.7,-215.83
12124,21575,10751,3781.4,-242.78
12125,21630,10758,3607.2,-207.6
12125,22456,14282,3575.6,-245.68
12126,21591,10726,1983.4,-170.99
12127,21628,10790,3079.5,-204.93
12129,21606,10802,1424.4,-177.76
12129,21605,10801,1409.9,-169.17
12130,21589,10801,3220.2,-216.54
12134,21613,10794,2474.7,-187.31
12135,21649,10771,5202.3,-250.09
12170,18993,11295,8362.5,-196.02
12195,20419,12684,1982.9,-185.89
12196,20441,12685,1316.5,-164.98
12233,23650,8527.9,1525.1,-180.66
12234,23661,8549.7,1001.7,-176.69
12241,24732,11341,1539.5,-173.41
12242,24740,11341,1758.9,-149.52
12244,22298,9812.5,3036.6,-190.84
12244,23652,8549.7,1481.4,-229.89
12244,24734,11334,1735.9,-193.17
12245,22294,9825.1,3163.8,-164.76
12245,23709,8593.6,1358.9,-210.18
12245,24724,11342,3272.2,-222.06
12246,22300,9818,2362.5,-166.87
12246,23647,8543.5,1593.5,-176.21
12246,24731,11352,1747.7,-205.5
12247,22310,9812.5,3306.5,-187.71
12247,23679,8558.5,1891.3,-228.21
12247,24738,11336,1703.4,-195.19
12248,23671,8521.4,1356.9,-152.36
12248,24732,11349,1935.2,-173.74
12249,23693,8561.5,1295.2,-187.16
12249,24735,11339,1973.5,-169.78
12250,22315,9820.9,1899.3,-170.26
12250,24742,11343,1545.1,-176.53
12251,22297,9811,3788.3,-170.21
12251,24729,11338,1648.6,-164.29
12252,22291,9816.2,4034.6,-172.82
12253,22294,9818.1,2876.9,-183.32
12253,24733,11346,1834.6,-178.26
12254,22306,9812.8,1260.2,-160.8
12254,24728,11342,1454.5,-184.76
12255,22300,9804,3434.3,-173.89
12255,24738,11339,1977.3,-179.77
12256,22293,9811.3,3523.1,-180.55
12257,22280,9842.6,1179.8,-176.14
12258,24737,11341,1080.5,-167.82
12259,24735,11353,1237.1,-165.94
12260,24738,11346,1461.8,-180.19
12261,22549,13626,3744.8,-240.8
12262,22550,13640,3738.8,-223.89
12263,24734,11342,1935.5,-169.35
12264,22546,13627,3794.1,-235.52
12264,24735,11349,1857.7,-183.26
12265,22552,13632,2426.8,-238.27
12266,22570,13642,2044.5,-219.23
12267,22551,13616,3723.6,-290.34
12268,22564,13642,3675.6,-236.31
12268,24720,11336,1705.8,-168.8
12269,22548,13619,3769.5,-221.43
12270,22562,13636,1376.2,-204.86
12271,22551,13627,3516.1,-227.95
12271,24730,11344,1700,-166.32
12272,22561,13647,1954.9,-198.18
12272,24731,11340,1406.7,-166.32
12274,22550,13612,2875.2,-240.23
12275,22565,13642,3091.3,-226.34
12276,22553,13637,3549.4,-204.32
12277,22566,13630,2352.9,-250.52
12278,22556,13613,3303,-257.67
12279,22554,13642,3428.2,-202.42
12280,22554,13645,3614.9,-210.54
12281,22554,13633,1098,-195.92
12282,22557,13634,3089.5,-260.72
12283,22558,13646,3106,-219.69
12284,22542,13610,1379.9,-178.17
12365,22009,14513,2063.1,-193.9
12367,22021,14519,1824.8,-189.67
12447,18812,15168,4232,-209.26
12448,18813,15181,3764,-203.23
12449,18793,15193,4295.2,-195.67
12449,22340,8824.5,8565.7,-204.12
12450,18812,15147,2007.2,-178.97
12450,22385,9035.8,11125,-243.8
12451,18778,15172,3203,-201.22
12451,22398,8930.5,8895.1,-256.31
12451,22392,9048.6,9324.1,-243.66
12452,22385,9022.9,13605,-224.9
12453,18777,15183,1925.2,-181.81
12503,21449,14545,3439.3,-219.94
12506,21345,14577,2227.5,-178.86
12545,17676,12145,1861.4,-201.19
12552,19610,9890.8,1828.7,-183.83
12553,19267,14567,4172,-220.56
12553,19607,9898.2,3640.7,-206.69
12554,19297,14597,2721.8,-214.12
12554,19600,9896.2,3133.3,-172.14
12555,19602,9896.1,3224.7,-184.04
12556,19600,9895.3,1126.4,-172.17
12559,19604,9902,3322.6,-195.27
12560,19596,9886,2997.5,-159.33
12561,19609,9894.9,3036.9,-178.23
12562,19606,9900.5,2865.4,-148.4
12563,19614,9886.9,1038.7,-174.66
12565,19609,9891.4,1605.3,-191.78
12566,19606,9897.1,1112.2,-157.31
12567,19608,9891.7,3007.3,-171.29
12569,19600,9892.7,2108.5,-176.95
12571,19597,9893.6,1738.2,-165.15
12574,19577,9884.6,1076.9,-165.74
12575,19595,9894.6,1106.4,-176.35
12579,22548,13615,1690.3,-208.02
12580,22558,13643,3689.2,-272.41
12581,22562,13628,2749.2,-208.35
12603,23141,10758,2294.6,-195.23
12604,23153,10752,1605.5,-197.79
12605,23119,10755,3793.9,-207.24
12606,23136,10747,2228.3,-169.45
12607,23134,10768,2629.7,-189.93
12608,23127,10755,2221.7,-180.55
12609,23132,10777,2605.4,-178.87
12610,23123,10768,2056.2,-184.92
12611,23129,10763,3453.7,-190.47
12612,23149,10748,1698.2,-191.98
12614,23141,10754,2748.5,-178.83
12615,23153,10759,1526.6,-176.65
12649,19598,11884,3637.3,-238.37
12650,19609,11896,3166.1,-230.62
12651,19599,11888,1242.2,-213.23
12661,17856,8337.4,2469.5,-174.35
12661,21128,9852.7,1635.9,-189.18
12662,17845,8303.6,4137,-171.82
12662,21116,9863.1,2901,-177.94
12663,17896,8334.3,3340.5,-210.71
12663,21113,9855.5,2912.7,-186.25
12664,17885,8343.5,3687.9,-213.28
12664,21125,9858.9,2845.8,-183.59
12665,21131,9863.9,2815.8,-166.35
12666,21120,9865.9,2919,-190.57
12667,21113,9861.2,2272.1,-179.41
12668,21128,9858.4,2283.8,-164.86
12686,19851,11404,1433.1,-178.31
12748,20531,13281,5812.7,-205.97
12752,20493,13227,7852.2,-216.66
12754,20530,13275,8870.8,-244.41
12757,20498,13174,12462,-194.93
12759,20508,13235,6638.6,-193.15
12761,20520,13217,8274.5,-201.2
12761,20505,13216,8418.4,-216.09
12762,20485,13227,11202,-221.52
12763,20513,13215,6773.3,-195.87
12764,20541,13252,6924.4,-203.21
12766,20547,13256,7992.8,-199.71
12766,20551,13292,7795.9,-206.15
12767,20500,13229,8932.7,-233.18
12768,20593,13323,6664.8,-204.75
12769,20572,13296,9978.9,-227.38
12770,20327,8608.9,4735.3,-205.77
12770,20532,13274,8055.7,-201.29
12771,20322,8610.8,4000.9,-199.85
12771,20551,13270,4568.5,-189.64
12772,20326,8616.2,4457.5,-212.85
12773,20315,8605.9,4436.2,-239.57
12773,20505,13247,8352.6,-223.81
12774,20321,8610.4,4578.8,-238.2
12775,20320,8608,4342.4,-212
12776,20318,8606.6,3881,-212.56
12777,20320,8607,4126.7,-227
12778,20320,8606.5,4339.8,-188.42
12779,20324,8606.2,3672.3,-204.29
12780,20324,8610.9,4076.9,-198.55
12781,20322,8602.3,4137,-180.27
12782,20326,8608.6,4278.8,-200.81
12783,20337,8616.5,1712.7,-189
12784,20319,8607,3327.2,-208.96
12785,20321,8600.1,4178.3,-202.02
12786,20328,8599.9,4475.6,-253.13
12787,20323,8608.7,3681.1,-183.67
12788,20322,8605.5,4305.4,-214.79
12789,20323,8604.6,4210.5,-203.94
12790,20320,8598.8,1277.8,-203.59
12804,23231,9091,1166.8,-180.53
12805,23223,9074.8,1545.3,-201.82
12808,23231,9100,1681,-227.25
12809,23231,9087.4,1638.9,-172.61
12836,22715,9700.6,3591.1,-222.25
12837,22722,9701.5,2631,-205.58
12838,22731,9698.7,3805.2,-162.44
12848,18155,8885.9,2251.7,-187.9
12849,18167,8874.5,3761.2,-224.18
12850,18156,8888.7,3203,-231.63
12851,18148,8882.7,3229.6,-253.13
12852,18165,8883.9,3021.3,-260.23
12853,18206,8879.5,1628.9,-196.83
12854,18133,8916.6,1056,-178.06
12855,18171,8893.8,2010.1,-198.28
12856,18157,8879,2659.2,-208.66
12883,21378,9582.5,1096.1,-165.21
12884,21369,9564.5,3408.8,-198.94
12885,21354,9574.1,3847,-197.87
12886,21367,9584.1,2099.9,-210.78
12887,21370,9574.5,2902,-183.28
12888,21342,9566.2,1352.1,-168.76
12889,21366,9573.6,1057.7,-196.75
12890,21377,9577,2137.4,-163.44
12891,21365,9575.4,3391.6,-192.09
12894,21360,9573.1,3831.1,-229.88
12895,21370,9571.3,2074.2,-168.67
12897,21356,9572.4,3482.2,-185.65
12898,21354,9574.1,2986.5,-197.47
12899,21364,9574,3537,-215.53
12901,21361,9583.1,3532.3,-226.05
12902,21362,9585.3,2600,-193.43
12908,21370,9571.9,1678.2,-217.93
12909,21344,9591.1,1628.7,-161.83
12944,23046,9282.7,1074,-217.17
12944,23047,9269.9,1274.7,-185.51
12956,23646,10881,2493.8,-201.81
12957,23641,10880,3194.5,-171.62
12958,23651,10877,5162,-202.18
12966,23283,10831,4632.2,-218.03
12972,22858,10325,7346.4,-242.24
12972,22882,10369,5477.5,-218.48
12973,22705,10304,3126.8,-184.99
12974,22855,10812,3203.8,-192.58
13073,20316,8608.8,1934.4,-162.26
13074,20324,8604.6,2827,-207.14
13075,20323,8608.2,4031.2,-207.7
13076,20320,8625.9,1200.5,-186.23
13171,23884,8461.3,2217.6,-189.92
13172,23941,8446.8,3638.3,-205.6
13173,23938,8437.8,4096.8,-213.02
13174,23951,8435.9,3480.9,-177.15
13181,21488,14638,2121.2,-214.72
13183,21491,14655,2042,-169.86
13184,21468,14669,3700.9,-210.67
13185,21528,14687,2020.6,-191.19
13188,21510,14671,5399.3,-239.63
13189,21513,14688,3576.4,-223.29
13219,19278,10831,1648.7,-188.51
13222,19286,10827,1869.8,-165.45
13223,19303,10835,1554.4,-179.83
13224,19303,10827,1074,-170.77
13225,19283,10832,2060.2,-205.25
13226,19276,10830,2224.7,-200.85
13227,19282,10837,2336.1,-191.43
13230,19284,10838,2370.1,-189.94
13231,19288,10842,1540.3,-205.44
13232,19275,10834,1794.9,-180.08
13233,19277,10835,2372,-175.34
13235,19291,10834,1946.1,-173.12
13236,19289,10827,2573.3,-218.31
13237,19291,10837,1385.3,-158.05
13238,19291,10842,2579.3,-179.16
13239,19281,10842,2631.7,-179.83
13240,19289,10836,2353.8,-178
13241,19288,10826,2395.6,-194.05
13242,19290,10821,1474.1,-201.59
13297,24338,10945,1132.6,-177.17
13298,24335,10961,1306.6,-178.41
13305,24336,10934,1321.4,-200.29
13306,24326,10956,1291.4,-192.05
13310,24346,10950,2556.7,-219.56
13311,24331,10942,1310.9,-148.89
13312,20883,11212,1536,-207.66
13312,24328,10953,1341.4,-175.68
13313,24343,10947,1032.9,-187.53
13315,24331,10941,1241.6,-188.04
13317,20883,11235,1355.6,-178.34
13318,24334,10942,1155,-159.64
13320,24345,10948,4134.5,-185.16
13321,24345,10939,3817.7,-184.67
13333,19554,14280,1380.6,-197.13
13337,19510,14273,1031.4,-194.93
13338,19501,14277,1385.3,-179.25
13357,21975,14515,1001.3,-168.21
13359,21993,14532,2485,-206.28
13381,18559,9301,2631.6,-270.6
13382,18552,9309.8,3285.4,-229.01
13383,18556,9299.2,3310.6,-242.95
13384,18559,9311.7,3553.7,-245.96
13385,18563,9314.6,3607.7,-236.2
13386,18563,9310,2561.6,-211.15
13388,18557,9304.7,3392.8,-220.41
13389,18565,9304.6,3210.1,-237.94
13449,23174,9356.4,1548.6,-205.91
13450,23186,9357.1,1665.6,-184.25
13451,23179,9356.6,9846.4,-261.33
13452,23180,9356.5,6589.4,-207.42
13466,19925,8375.5,2632.9,-221.98
13467,19864,8373.1,6661.6,-366.75
13469,19920,8352.2,1501.7,-210.86
13470,19933,8363.3,2001.9,-185.08
13471,19932,8361.1,3572.9,-230.07
13472,19925,8367.8,1282,-201.53
13473,19934,8352.1,1330.1,-189.48
13474,19923,8357.2,2081,-221.27
13476,19934,8367.5,2250,-184.52
13478,19929,8357.5,1312.6,-179.73
13485,22897,12213,2832.3,-186.27
13486,22895,12211,2790.8,-200.92
13573,23055,10289,2439.4,-190.15
13574,23061,10292,3889,-195.69
13575,23071,10296,2782.8,-225.87
13576,23079,10289,2054.2,-182.8
13577,23065,10318,1001,-176.38
13578,23068,10306,2894.9,-205.08
13590,22746,13987,1228.8,-186.14
13591,22734,13996,3709,-233.93
13592,22737,14000,3071.5,-196.47
13596,22755,14000,3203.9,-230.17
13597,22739,14002,2778.9,-208.88
13606,22749,13976,1204.7,-209.93
13607,22727,14013,1537.6,-189.95
13610,22728,14016,2389.6,-204.49
13611,22733,14004,3806.7,-240.91
13612,22723,13983,1018.6,-209.93
13614,22742,14000,1238.7,-198.27
13619,22711,13988,5211.3,-219.32
13620,22733,14009,2957.9,-221.62
13621,22725,13992,1830.8,-163.08
13625,23179,11143,1683,-209.43
13626,23168,11170,2885.2,-181.29
13627,23189,11170,4070,-239.76
13628,23169,11161,2089.6,-185.72
13629,23178,11162,2719.6,-220.48
13630,23214,11137,1304.2,-170.42
13632,23220,11110,1137.3,-183.51
13633,23144,11169,1787.3,-161.78
13634,23164,11148,1233.1,-172.69
13635,23193,11131,1811.7,-151.14
13636,22751,14004,2069.6,-167.98
13636,23158,11130,1343.4,-195.11
13638,23174,11144,1207.9,-194.86
13639,23214,11130,2074.5,-182.74
13640,23161,11153,1404.8,-163.05
13641,18372,8742,5474.2,-242.8
13641,18384,8699.8,5693.2,-262.16
13641,23165,11159,2064.3,-188.44
13643,23160,11151,1716.5,-185.68
13644,23168,11159,2333.3,-169.38
13645,23154,11159,2499.6,-173.86
13647,23165,11159,1449.2,-175.5
13648,18431,8751.7,6208.8,-227.61
13648,23183,11147,2389.5,-182.71
13649,23178,11145,2710.7,-159.68
13654,23169,11161,2855.1,-202.32
13655,23204,11146,3166.9,-199.47
13656,23203,11146,1951.7,-187.39
13683,24445,11545,2528,-189.21
13684,21660,12988,2006.7,-170.99
13684,24441,11546,2960.9,-181.75
13685,21668,12994,1997.9,-162.81
13687,21669,12981,2400.1,-165.55
13688,21678,12968,1021.4,-175.72
13845,18347,8737.1,7324.7,-223.4
13846,18364,8775.2,3835.6,-216.65
13847,18364,8694.1,5348,-232.31
13847,18361,8699,5829.3,-229.39
13911,22320,9482.5,2033.4,-187.15
13912,22319,9451.6,2605.4,-180.95
13913,22319,9460.2,3434.3,-206.87
13914,22318,9456.3,2741.5,-189.55
13915,22322,9460.6,3226.8,-184.11
13916,22329,9447.7,2628.6,-166.4
13917,22324,9469.4,1050.8,-179.63
13919,22324,9463.5,1105.8,-175.89
13920,22317,9463.4,1770.7,-161.87
13948,23434,8463.6,2863.4,-219.25
13949,23420,8410,3670.4,-208.32
13950,23431,8424.9,4396.7,-233.77
14029,18063,10138,2066.2,-166.65
14032,18069,10136,2253,-172.37
14061,18729,9303.4,3172.5,-209.15
14062,18730,9310,2949.2,-208.4
14063,18750,9314,1995.4,-201.4
14084,24463,10164,1263.7,-200.95
14091,22069,14185,3500.2,-194.96
14092,22073,14148,5390.2,-277.76
14093,22067,14171,4202.6,-219.18
14094,22058,14190,4483.2,-210.38
14095,22043,14206,1213.6,-204.67
14099,22066,14214,1711.9,-182.89
14100,22054,14187,2639.5,-182.98
14114,23396,14454,9421,-213.92
14151,22028,14703,1299,-190.62
14153,22037,14691,1660.8,-178.37
14154,22023,14688,1084.6,-183.31
14201,22852,12314,3399,-203.87
14202,22861,12306,2955,-182.97
14209,22844,12314,2995.7,-199
14211,22846,12315,3583.6,-196.68
14212,22849,12310,2765.1,-175.91
14213,22851,12307,2792.3,-207.6
14214,22842,12308,3862.6,-205.85
14215,22842,12315,2487.1,-182.65
14216,22843,12310,2790,-198.77
14218,22833,12315,3120.4,-182.1
14219,22852,12304,1947.1,-176.8
14272,22464,10187,1055.2,-198.58
14273,22482,10192,1863.8,-172.56
14276,22465,10195,3188.6,-185.87
14281,22447,10188,1119.8,-210.42
14297,23523,8646.4,3149.5,-187.4
14298,23518,8638.7,3334.3,-210.81
14299,23511,8640.7,3548.2,-218.78
14300,23518,8639.2,2231.6,-181.93
14396,19496,8447.3,4119.6,-248.92
14443,23802,13373,4262.7,-185.42
14444,23798,13359,4072.9,-183.89
14445,23806,13377,4068.4,-227.99
14446,23808,13359,3924.5,-229.46
14447,23798,13371,2463.4,-204.18
14448,23789,13359,1013.1,-180.35
14449,21666,13458,2789.4,-181.11
14476,23126,11217,1050.6,-178.48
14605,22572,10872,1658.4,-181.46
14606,22573,10865,1438,-189.99
14610,22572,10873,1538.2,-168.14
14794,23932,8447.7,4633.8,-202.15
14795,22796,8302.6,5533.2,-245.69
14796,22814,8315.3,4399.5,-215.95
14797,22841,8388.2,1013.1,-169.85
14798,22782,8327.7,3731.3,-176.48
14799,22817,8318.8,6440.6,-208.92
14800,22789,8317.4,4117.1,-198.09
14810,22816,8335.7,4248.1,-214.68
14810,22813,8338.2,4072.9,-203.26
14811,22814,8299,5109.8,-210.98
14811,22808,8291.6,5741.2,-225.85
14811,22812,8307.4,5379.1,-227.42
14812,22820,8308.8,7362,-270.46
14812,22818,8312.7,8020,-278.41
14814,22817,8318.1,3503.1,-197.26
14815,22788,8299.8,5123.1,-201
14815,22783,8322.2,5033.5,-209.61
14818,22834,8317.1,3493.5,-189.48
14819,22846,8321.2,5514.3,-261.34
14819,22841,8332.9,5434.8,-234.59
15085,20139,14841,1337,-173.4
15086,20158,14832,3482.3,-242.23
15087,20165,14843,3088.3,-250.87
15088,20162,14826,1270.2,-178.49
15089,20145,14841,1756,-210.35
15090,20156,14856,1131.4,-176.43
15108,20678,10649,2329.4,-236.22
15109,20657,10675,1051.3,-187.13
15148,17765,13700,4293.9,-312.73
15149,17753,13688,4857.9,-298.55
15237,23519,14530,3074.1,-204.11
15276,24705,12669,3673.4,-203.51
15277,24706,12667,3177,-200.57
15278,24703,12672,3181.2,-203.04
15279,24705,12665,3134.8,-202.68
15280,24701,12665,3440.4,-198.47
15281,24706,12661,2958.9,-176.08
15282,24703,12664,3081.7,-227.16
15283,24707,12652,1432.3,-182.19
15284,24715,12667,2936.3,-184.61
15285,24706,12659,1548.1,-184.44
15286,24710,12663,2981.6,-224.54
15287,24706,12669,3028.8,-216.99
15288,24704,12664,3481.8,-197.59
15289,24710,12663,2137,-194.59
15293,24700,12658,3155.5,-237.86
15294,24694,12679,1619.6,-198.94
15295,24726,12668,1474.4,-200.94
15296,24705,12658,3104.9,-231.6
15297,24699,12671,2734.3,-211.24
15298,24709,12672,3644.9,-195.07
15299,24703,12668,3561.7,-206.96
15300,24703,12666,3052.7,-212.88
15301,24704,12665,3464.2,-187.63
15302,24702,12669,3416.7,-204.47
15303,24705,12658,3747.9,-211.87
15304,24707,12655,1879.8,-172.1
15305,24704,12669,1719.6,-218.87
15306,24709,12650,2413.1,-196.26
15307,24706,12658,2134,-190.38
15308,24708,12665,2733.3,-185.91
15309,24703,12670,1492.5,-171.23
15310,24702,12659,1136.9,-194.86
15311,24705,12664,1469.1,-187.99
15312,24698,12657,1665.6,-198.78
15315,24690,12659,2473.9,-172.98
15316,24700,12651,1116.4,-188.77
15334,22736,13980,1288.1,-192.22
15335,22744,13977,2911.3,-226.1
15380,19440,10097,11538,-277.91
15380,19427,10332,14372,-221.33
15389,20767,12804,3932,-197.46
15390,20759,12771,5691.6,-192.17
15391,20747,12769,4974.6,-219.9
15392,20733,12767,3680.5,-211.65
15397,20698,12785,3183.4,-204.21
15400,20781,12776,3907.5,-212.51
15405,20847,12816,2241.9,-171.56
15406,20795,12765,3480.6,-191.38
15407,20752,12789,5444.9,-216.73
15411,20848,12853,2671.4,-190.41
15421,20750,12776,3911.7,-194.99
15422,20750,12754,3468.4,-193.97
15428,20773,12756,2201.8,-165.15
15554,23214,12540,3975.6,-173.28
15555,23221,12536,3563.8,-165.19
15556,21650,8823.2,2012.1,-200.42
15556,23221,12535,3324.6,-172.42
15557,21655,8811.3,2908.9,-180.55
15563,23149,11155,1650.2,-206.39
15564,23178,11144,2175.1,-190.12
15565,23158,11141,1005.6,-172.06
15567,23156,11142,1739.3,-202.36
15568,23177,11149,2804.1,-214.12
15569,23164,11159,3029.9,-196.23
15570,23165,11152,4468.3,-201.86
15571,23175,11149,3933.2,-242.54
15572,23160,11149,3314.9,-200.83
15573,23168,11155,2162.3,-177.87
15574,23184,11140,2018,-209.98
15576,23175,11145,2988.2,-227.7
15577,23166,11155,2608.9,-190.87
15579,23173,11146,2498.1,-183.33
15581,23179,11158,3270.8,-180.15
15582,23173,11137,2745.7,-185.97
15585,23172,11143,3205.2,-189.79
15586,23173,11146,3426.4,-192.55
15588,23172,11155,2128.5,-196.23
15589,23170,11157,2986.9,-184.49
15590,23179,11140,2197.9,-204.52
15591,23159,11144,1652,-178.03
15592,23163,11148,3078,-183.13
15593,23167,11155,3018.5,-196.54
15594,23162,11140,2083.9,-180.29
15596,23161,11141,2603.9,-158.22
15597,23174,11156,3002.4,-214.39
15598,23173,11156,3641.1,-195.22
15599,23163,11142,2807.3,-199.78
15642,24485,10181,2196.8,-193.08
15643,24494,10179,3573.9,-185.59
15644,24483,10174,1012.1,-164.66
15646,24479,10191,1857.1,-155.1
15647,24497,10189,2026.5,-227.22
15667,20679,13794,1091.3,-167.58
15670,22567,10244,2995.6,-182.5
15671,22562,10242,3889.9,-205.85
15672,22561,10250,5430.8,-219.53
15673,22578,10237,5997.2,-206.68
15674,22575,10248,3993.2,-215.64
15675,22553,10235,2597.3,-174.81
15676,22561,10237,4282,-208.36
15677,22571,10238,4737.5,-224.84
15678,22560,10243,2583,-205.38
15679,22564,10255,1625,-181.07
15680,22552,10250,4634.9,-230.29
15681,22571,10246,2401.5,-195.23
15682,22557,10249,3130.1,-210.65
15683,22557,10247,2088.7,-177.43
15684,22551,10242,3040.5,-183.99
15685,22555,10238,3969,-203.1
15686,22569,10239,2773.6,-172.94
15688,22564,10241,2729.4,-190.29
15689,22559,10241,1628.6,-185.11
15690,22585,10245,1120.3,-196.9
15691,22556,10250,2360.9,-177.22
15692,22570,10248,3255.6,-231.07
15693,22573,10241,5118.5,-219.77
15694,22582,10238,2454.8,-196.76
15725,19107,8730.3,1726.6,-229.95
15726,19101,8735,2131.8,-199.53
15727,19108,8729.8,2397.6,-229.96
15728,19095,8728.4,2321.7,-219.88
15729,19099,8721.2,2254.5,-253.33
15729,19155,9945.8,2203.4,-244.02
15730,19093,8724.2,1838.6,-211.68
15730,19098,9916.7,1911.2,-224.97
15731,19098,8732,2507.2,-237.49
15731,19132,9922.4,2272.4,-272.97
15732,19086,8720.1,2118.4,-335.29
15732,19152,9916.3,4904.1,-294.82
15733,19134,9918.2,6097.5,-371.98
15734,19158,9887.4,4346.8,-262.67
15735,19151,9895.5,3977,-234.48
15766,19293,13345,2164.7,-187.09
15798,20501,13595,1444.1,-197.27
15800,20455,13520,5179.4,-242.49
15801,20415,13514,4103.8,-213.85
15822,23388,9328.2,1444,-178.96
15823,23394,9336.4,2630.1,-177.96
15824,23382,9339.6,1563.9,-174.21
15825,23380,9332.1,2446.8,-181.76
15826,23390,9341.3,1482.2,-192.2
15918,23073,10291,1770.1,-178.52
15919,23063,10282,3384.2,-190.82
15920,23070,10274,2950,-185.13
15921,23081,10280,1391,-179.54
15927,23046,10275,1561.8,-194.13
15929,23058,10268,2980.7,-178.66
15930,23053,10281,1513,-141.16
15965,23293,12055,5355.5,-204.11
15966,23295,12056,1759.8,-191.1
15992,23300,12045,1629.6,-177.45
15995,23304,12044,1749.4,-206.23
15996,23293,12041,1669.3,-195.31
15997,23308,12066,1545.3,-183.53
15998,23285,12038,1292.9,-164.59
15999,23285,12047,1070.3,-209.1
16000,23298,12059,1270.9,-180.16
16039,23304,12038,1098.4,-191.68
16119,24442,10303,1203.1,-206.58
16120,19721,9295.4,1985.3,-158.44
16120,24445,10312,1115.7,-178.07
16121,19722,9312.7,3346,-202.99
16122,19729,9317.6,1994.2,-146.49
16124,19723,9305.1,3812.6,-199.11
16125,19725,9310.2,4442.9,-237.73
16126,19713,9308.2,1249.1,-175.5
16145,17816,11794,6356.2,-260.2
16146,17807,11807,9396,-190.61
16147,17827,11855,5195.5,-222.72
16148,17764,11808,4994.3,-216.23
16300,19247,14003,2892.7,-188.54
16302,19296,14013,1365,-222.08
16303,19275,13993,2702.4,-175.63
16362,23483,11997,5987.2,-216.56
16363,23438,12020,3570.5,-186.4
16364,23477,12006,6712.6,-221.29
16366,23629,11959,6792,-208.8
16395,19879,10912,2205.9,-179.56
16397,19896,10910,2580.8,-171.86
16399,19891,10919,2228.4,-163.51
16400,19890,10918,2555.8,-175.75
16404,19881,10925,2241.7,-186.75
16405,19887,10910,2280.8,-169.92
16406,19894,10912,1071.2,-164.59
16438,22922,9035.6,2934,-168.04
16439,22916,9037.5,4724,-229.71
16440,22917,9028.7,4112.4,-209.15
16441,22915,9032.2,3875.7,-178.53
16442,22911,9039.4,1565.4,-198.32
16443,22906,9037.5,1843.5,-179.46
16496,23062,10282,2382,-205.15
16498,23063,10277,1537.7,-182.05
16532,23923,8430.2,1964.7,-182.82
16533,23913,8411.6,3804.2,-206.72
16534,23948,8410.3,4136.3,-227.05
16535,23928,8406.1,4814.9,-191.1
16536,23951,8422.5,3570.7,-190.97
16537,23947,8408.7,4416,-229.38
16538,23954,8416.5,4444.5,-204.52
16582,24698,13587,3390.8,-196.37
16583,24725,13575,3139.9,-254.53
16585,24679,13594,1268.2,-202.42
16587,24700,13597,2844.4,-199.79
16588,24696,13553,3055.4,-211
16589,24730,13586,2546.4,-213.98
16674,17826,11476,1016.3,-171.31
16676,17804,11469,1671.8,-193.65
16678,17832,11473,1777,-185.62
16681,17812,11491,1251.3,-181.2
16687,17811,11474,1742.6,-157.26
16690,17820,11480,1332,-183.13
16693,17811,11479,2226.1,-166.16
16696,17837,11481,1031.6,-156.72
16703,17814,11471,1405.7,-169.36
17070,24387,12634,3398,-248.11
17073,23466,12752,2824.4,-210.85
17074,23280,12414,1292.9,-187.55
17119,20721,12094,1847.6,-170.6
17120,20693,12056,5111.5,-226.48
17121,20710,12085,4133.9,-205.88
17122,20710,12082,2603.9,-195.33
17183,20279,13415,1219.9,-166.89
17184,20274,13426,2161.6,-174.02
17185,20273,13409,2316.8,-189.13
17188,20259,13429,1557.7,-185.66
17190,20303,13401,1036.9,-173.79
17191,20283,13413,2404.1,-178.22
17356,21600,14195,2018.2,-169.13
17577,22671,14401,1233.1,-209.61
17577,23920,8404.8,2126.5,-167.79
17584,23944,8435,2872.7,-209.29
17585,23936,8421.1,2369.9,-175.6
17586,19962,10345,1985.7,-192.15
17586,23964,8437.2,4494.5,-206
17587,19928,10273,1762.2,-198.12
17587,23922,8432.9,4154.2,-186.7
17588,19976,10329,1683.6,-203.27
17588,23950,8433.2,4602,-174.77
17589,19968,10314,1031.2,-188.09
17589,23945,8383.5,2926.7,-177.52
17590,19987,10338,1782.5,-196.62
17590,23957,8432.1,1792.8,-207.75
17592,19963,10345,1793.9,-186.88
17593,19936,10295,3299.1,-224.41
17594,19958,10342,1868.4,-181.11
17621,20799,13137,2952.8,-186.3
17624,20804,13131,4588.3,-182.71
17625,20806,13146,2870,-208.31
17626,20810,13135,2614.3,-182.34
17673,20681,11817,2760.1,-191.57
17674,20672,11829,1851,-170.99
17675,20687,11817,1752.8,-171.2
17676,20684,11827,1034.3,-188.75
17677,20664,11822,2196.9,-183.91
17679,20660,11819,1737.2,-174.97
17680,20640,11819,1062.6,-187.57
17681,20656,11826,2589.2,-201.98
17682,20655,11839,2767.9,-212.95
17683,20679,11826,2825.7,-188.48
17684,20651,11836,1757.8,-161.77
17687,18680,11750,3673.4,-242.34
17688,18673,11731,2558.3,-198.53
17689,18655,11735,1637.4,-168.04
17880,24358,12996,1272.2,-188.92
17882,24366,13000,1857.3,-204.88
17911,22357,12836,2272.4,-198.5
17912,22376,12836,1080.4,-189.24
17915,22370,12839,5346.3,-179.8
17918,22361,12837,3209.1,-195.2
17919,22363,12840,4193.5,-213.75
17920,22370,12837,3486.9,-181.44
17921,22370,12842,3219.3,-218.48
17922,22349,12834,2214.3,-189.9
17923,22360,12836,3157.2,-180.17
17924,22355,12846,3793,-180.93
17925,22348,12835,3768.7,-238.47
17926,22361,12839,2788.6,-199.96
17927,22350,12839,3385,-201.41
17928,22361,12846,3471.3,-203.15
17929,22360,12839,3699.2,-191.44
17930,22358,12834,3540.3,-220.5
17931,22356,12842,1105.8,-162.4
17954,24292,8629.1,1227.6,-187.79
17955,24272,8649.2,2648.9,-230.94
17984,24674,8981,2534.4,-223
17985,24679,8978.4,2931.3,-212.64
17986,24675,8982.4,3624.6,-223.59
17987,24687,8958.4,2980.3,-225.43
18080,20496,8440.8,2256.3,-188.89
18081,20492,8438.7,2235.2,-206.02
18082,20482,8446.3,2134.4,-211.45
18083,20495,8455.6,3344.9,-205.79
18084,20492,8453.4,2229.3,-225.69
18085,20486,8434.1,3237.3,-231.78
18087,20479,8436.8,4110.7,-219.13
18088,20482,8444.1,3367.4,-261.03
18089,20487,8435,2072,-208.62
18484,20673,11824,2154.4,-171.87
18486,20690,11811,1063.7,-162.06
18524,20320,9132.8,1115.2,-189.43
18525,20296,9119.6,2946.9,-219.37
18531,20304,9105.9,1887.4,-188.85
18534,20295,9114.6,2748.5,-224.2
18535,20290,9131.7,1320,-206.1
18537,20513,14641,2148.7,-221.29
18538,20523,14629,2940.1,-225.26
18539,20517,14620,2891.2,-215.38
18540,20506,14621,3331.9,-225.24
18541,20523,14640,2750.2,-211.04
18542,20514,14615,2860.7,-225.3
18543,20517,14624,2513.9,-191.77
18544,20512,14624,3110.8,-194.37
18545,20521,14624,1754.9,-232.89
18547,20311,9111,1866.6,-179.44
18548,20305,9111.7,2021,-180.41
18548,20514,14613,3044.9,-217.53
18549,20327,9110.8,1037.1,-185.28
18549,20516,14615,1774.8,-226.61
18550,20528,14621,3135.3,-271.46
18551,20516,14619,3074.9,-290.7
18552,20517,14606,4393.5,-302.77
18553,20519,14626,3225.8,-246.79
18554,20492,14600,1670.7,-243.24
18556,20529,14631,2981.3,-235.84
18557,20543,14614,1790,-226.15
18558,20525,14620,2083.1,-231.58
18684,23893,10489,1027.1,-198.61
18689,23852,10470,5072,-305.44
18690,23871,10502,1273.1,-176.15
18848,21892,12913,1133.4,-175.78
18914,23968,8424.6,2294.3,-194.78
18915,23968,8422.1,4749.6,-228.29
18916,23948,8422.1,4103,-191.26
18917,23966,8432.5,4698,-188.61
18918,23959,8421.1,2542.2,-172.63
18919,23949,8416.1,3583.6,-205.59
18920,23953,8429.7,2902.6,-193.92
18921,23946,8435.9,5215.9,-260.27
18922,23974,8420.1,4405.6,-233.18
18923,23970,8423.8,2270.2,-165.16
18924,23962,8393.8,4996.8,-207.95
18925,23971,8437,4707.7,-207.96
18926,23981,8413.7,3865.2,-194.64
18927,23948,8435.4,4444,-193.18
18964,24657,8966.4,1192.7,-183.56
18965,24678,8960.5,2485.5,-229.72
18966,24677,8978.9,1537,-193.99
18967,24688,8975.9,1680.8,-193.84
19157,21830,12926,1934,-193.94
19158,21817,12944,1043.2,-190.29
19241,21844,12958,1103.1,-197.31
19387,23444,14365,6620.4,-186.4
19389,23459,14382,14964,-234.94
19392,23471,14388,6341.9,-216.46
19644,18179,11811,1153.3,-200.06
19645,18092,11940,1603,-174.84
19694,18634,12692,3731.7,-248.64
19695,18648,12702,2718.7,-199.88
19696,18639,12693,4387.9,-268.45
19697,18646,12694,4730.8,-247.01
19698,18636,12703,4326.6,-252.02
19718,19996,12114,1448.9,-165.9
19721,20001,12105,3117.4,-185.91
19722,20005,12099,3198.5,-184.53
19723,20004,12099,2907.4,-187.34
19729,17806,11475,2570,-153.97
19730,17808,11462,3059.4,-176.72
19731,17813,11474,2459.9,-176.57
19732,17818,11450,1035.3,-161.14
19769,21849,12405,1235.9,-177.31
19898,21326,13997,1721,-185.93
19899,21314,13991,2766.8,-216.6
19900,21316,13995,4282.6,-184.48
19901,21331,13991,1955.3,-181.09
